"Nom de la Station","TOFINO A"
"Province","BRITISH COLUMBIA"
"Latitude","49,08"
"Longitude","-125,77"
"Altitude","24,50"
"Identification Climat","1038205"
"Identification OMM",""
"Identification TC","YAZ"
"Toutes les heures sont exprimées en heure normale locale (HNL). Pour convertir l'heure locale en heure avancée de l'Est (HAE), ajoutez 1 heure s'il y a lieu."

"Légende"
"M","Données Manquantes"
"E","Valeur Estimée"
"ND","Non Disponible"
"**","Données fournies par un partenaire, non assujetties à un révision par les Archives climatiques nationales du Canada"

"Date/Heure","Année","Mois","Jour","Heure","Qualité des Données","Temp (°C)","Temp Indicateur","Point de rosée (°C)","Point de rosée Indicateur","Hum. rel (%)","Hum. rel. Indicateur","Dir. du vent (10s deg)","Dir. du vent Indicateur","Vit. du vent (km/h)","Vit. du vent Indicateur","Visibilité (km)","Visibilité Indicateur","Pression à la station (kPa)","Pression à la station Indicateur","Hmdx","Hmdx Indicateur","Refroid. éolien","Refroid. éolien Indicateur","Temps"
"1980-02-01 00:00","1980","02","01","00:00"," ","","","","","","","","","","","","","","","","","","",""
"1980-02-01 01:00","1980","02","01","01:00"," ","5,60","","4,70","","94,00","","6,00","","13,00","","9,70","","100,61","","","","","","Pluie,Brouillard"
"1980-02-01 02:00","1980","02","01","02:00"," ","","","","","","","","","","","","","","","","","","",""
"1980-02-01 03:00","1980","02","01","03:00"," ","","","","","","","","","","","","","","","","","","",""
"1980-02-01 04:00","1980","02","01","04:00"," ","5,70","","5,10","","96,00","","2,00","","7,00","","9,70","","100,47","","","","","","Pluie,Brouillard"
"1980-02-01 05:00","1980","02","01","05:00"," ","","","","","","","","","","","","","","","","","","",""
"1980-02-01 06:00","1980","02","01","06:00"," ","7,00","","5,80","","92,00","","12,00","","17,00","","9,70","","100,41","","","","","","Pluie,Brouillard"
"1980-02-01 07:00","1980","02","01","07:00"," ","7,00","","6,20","","95,00","","0,00","","0,00","","6,40","","100,51","","","","","","Pluie,Brouillard"
"1980-02-01 08:00","1980","02","01","08:00"," ","6,80","","6,20","","96,00","","11,00","","9,00","","6,40","","100,61","","","","","","Pluie,Brouillard"
"1980-02-01 09:00","1980","02","01","09:00"," ","8,10","","7,20","","94,00","","15,00","","24,00","","6,40","","100,71","","","","","","Pluie,Brouillard"
"1980-02-01 10:00","1980","02","01","10:00"," ","8,50","","7,40","","93,00","","17,00","","24,00","","4,80","","100,81","","","","","","Pluie,Brouillard"
"1980-02-01 11:00","1980","02","01","11:00"," ","8,70","","7,00","","89,00","","18,00","","24,00","","8,00","","100,95","","","","","","Brouillard"
"1980-02-01 12:00","1980","02","01","12:00"," ","8,70","","7,00","","89,00","","16,00","","6,00","","8,00","","101,02","","","","","","Brouillard"
"1980-02-01 13:00","1980","02","01","13:00"," ","8,80","","7,90","","94,00","","17,00","","24,00","","4,80","","101,02","","","","","","Averses de pluie,Brouillard"
"1980-02-01 14:00","1980","02","01","14:00"," ","8,40","","8,10","","98,00","","17,00","","22,00","","0,80","","101,02","","","","","","Pluie,Brouillard"
"1980-02-01 15:00","1980","02","01","15:00"," ","9,00","","7,90","","93,00","","25,00","","6,00","","0,80","","101,08","","","","","","Pluie,Brouillard"
"1980-02-01 16:00","1980","02","01","16:00"," ","8,50","","7,70","","95,00","","0,00","","0,00","","1,20","","101,15","","","","","","Brouillard"
"1980-02-01 17:00","1980","02","01","17:00"," ","8,40","","8,10","","98,00","","15,00","","28,00","","0,80","","101,15","","","","","","Pluie,Brouillard"
"1980-02-01 18:00","1980","02","01","18:00"," ","8,40","","8,10","","98,00","","14,00","","22,00","","0,80","","101,18","","","","","","Brouillard"
"1980-02-01 19:00","1980","02","01","19:00"," ","8,70","","7,70","","93,00","","14,00","","24,00","","0,80","","101,18","","","","","","Brouillard"
"1980-02-01 20:00","1980","02","01","20:00"," ","8,70","","7,70","","93,00","","14,00","","39,00","","0,80","","101,25","","","","","","Brouillard"
"1980-02-01 21:00","1980","02","01","21:00"," ","8,70","","7,70","","93,00","","14,00","","15,00","","0,80","","101,15","","","","","","Bruine,Brouillard"
"1980-02-01 22:00","1980","02","01","22:00"," ","8,60","","8,10","","97,00","","11,00","","11,00","","0,80","","101,12","","","","","","Bruine,Brouillard"
"1980-02-01 23:00","1980","02","01","23:00"," ","","","","","","","","","","","","","","","","","","",""
"1980-02-02 00:00","1980","02","02","00:00"," ","","","","","","","","","","","","","","","","","","",""
"1980-02-02 01:00","1980","02","02","01:00"," ","8,80","","8,30","","97,00","","8,00","","19,00","","1,60","","100,71","","","","","","Bruine,Brouillard"
"1980-02-02 02:00","1980","02","02","02:00"," ","","","","","","","","","","","","","","","","","","",""
"1980-02-02 03:00","1980","02","02","03:00"," ","","","","","","","","","","","","","","","","","","",""
"1980-02-02 04:00","1980","02","02","04:00"," ","9,90","","8,90","","93,00","","14,00","","19,00","","1,60","","100,31","","","","","","Pluie modérée,Brouillard"
"1980-02-02 05:00","1980","02","02","05:00"," ","9,70","","8,40","","91,00","","12,00","","28,00","","1,60","","100,20","","","","","","Pluie modérée,Brouillard"
"1980-02-02 06:00","1980","02","02","06:00"," ","9,50","","8,80","","95,00","","12,00","","33,00","","1,60","","100,14","","","","","","Pluie modérée,Brouillard"
"1980-02-02 07:00","1980","02","02","07:00"," ","9,30","","8,30","","93,00","","12,00","","28,00","","4,80","","100,17","","","","","","Pluie,Brouillard"
"1980-02-02 08:00","1980","02","02","08:00"," ","9,20","","8,30","","94,00","","13,00","","28,00","","1,60","","100,14","","","","","","Pluie,Brouillard"
"1980-02-02 09:00","1980","02","02","09:00"," ","9,10","","8,30","","95,00","","13,00","","28,00","","1,20","","100,20","","","","","","Pluie,Brouillard"
"1980-02-02 10:00","1980","02","02","10:00"," ","9,20","","8,30","","94,00","","17,00","","28,00","","1,20","","100,27","","","","","","Pluie,Brouillard"
"1980-02-02 11:00","1980","02","02","11:00"," ","9,40","","8,80","","96,00","","17,00","","22,00","","1,60","","100,31","","","","","","Pluie,Brouillard"
"1980-02-02 12:00","1980","02","02","12:00"," ","9,20","","8,30","","94,00","","17,00","","9,00","","1,60","","100,41","","","","","","Pluie,Brouillard"
"1980-02-02 13:00","1980","02","02","13:00"," ","10,40","","9,80","","96,00","","22,00","","13,00","","4,80","","100,47","","","","","","Brouillard"
"1980-02-02 14:00","1980","02","02","14:00"," ","10,80","","8,80","","87,00","","24,00","","11,00","","8,00","","100,58","","","","","","Brouillard"
"1980-02-02 15:00","1980","02","02","15:00"," ","9,90","","6,90","","82,00","","0,00","","0,00","","8,00","","100,64","","","","","","Brouillard"
"1980-02-02 16:00","1980","02","02","16:00"," ","8,70","","6,60","","87,00","","18,00","","7,00","","1,60","","100,71","","","","","","Pluie,Brouillard"
"1980-02-02 17:00","1980","02","02","17:00"," ","8,60","","7,00","","90,00","","0,00","","0,00","","4,80","","100,78","","","","","","Brouillard"
"1980-02-02 18:00","1980","02","02","18:00"," ","7,80","","6,00","","89,00","","0,00","","0,00","","4,80","","100,85","","","","","","Brouillard"
"1980-02-02 19:00","1980","02","02","19:00"," ","6,80","","6,20","","96,00","","0,00","","0,00","","4,80","","100,91","","","","","","Brouillard"
"1980-02-02 20:00","1980","02","02","20:00"," ","6,40","","5,70","","95,00","","0,00","","0,00","","11,30","","100,95","","","","","","Nuageux"
"1980-02-02 21:00","1980","02","02","21:00"," ","6,70","","5,70","","93,00","","0,00","","0,00","","11,30","","101,02","","","","","","Nuageux"
"1980-02-02 22:00","1980","02","02","22:00"," ","7,80","","7,60","","99,00","","15,00","","9,00","","12,90","","101,12","","","","","","Généralement nuageux"
"1980-02-02 23:00","1980","02","02","23:00"," ","","","","","","","","","","","","","","","","","","",""
"1980-02-03 00:00","1980","02","03","00:00"," ","","","","","","","","","","","","","","","","","","",""
"1980-02-03 01:00","1980","02","03","01:00"," ","7,90","","7,20","","96,00","","14,00","","7,00","","1,20","","101,08","","","","","","Brouillard"
"1980-02-03 02:00","1980","02","03","02:00"," ","","","","","","","","","","","","","","","","","","",""
"1980-02-03 03:00","1980","02","03","03:00"," ","","","","","","","","","","","","","","","","","","",""
"1980-02-03 04:00","1980","02","03","04:00"," ","6,10","","4,80","","91,00","","0,00","","0,00","","24,10","","101,05","","","","","","Généralement nuageux"
"1980-02-03 05:00","1980","02","03","05:00"," ","6,40","","5,70","","95,00","","9,00","","6,00","","24,10","","101,12","","","","","","Généralement nuageux"
"1980-02-03 06:00","1980","02","03","06:00"," ","6,50","","5,70","","95,00","","10,00","","4,00","","16,10","","101,15","","","","","","Nuageux"
"1980-02-03 07:00","1980","02","03","07:00"," ","5,70","","4,70","","93,00","","9,00","","7,00","","16,10","","101,15","","","","","","Généralement nuageux"
"1980-02-03 08:00","1980","02","03","08:00"," ","5,70","","4,70","","93,00","","0,00","","0,00","","4,80","","101,22","","","","","","Brouillard"
"1980-02-03 09:00","1980","02","03","09:00"," ","6,20","","4,80","","90,00","","10,00","","6,00","","3,20","","101,25","","","","","","Averses de pluie,Brouillard"
"1980-02-03 10:00","1980","02","03","10:00"," ","6,80","","6,20","","96,00","","0,00","","0,00","","3,20","","101,29","","","","","","Averses de pluie modérées,Brouillard"
"1980-02-03 11:00","1980","02","03","11:00"," ","7,20","","5,80","","91,00","","9,00","","4,00","","16,10","","101,29","","","","","","Nuageux"
"1980-02-03 12:00","1980","02","03","12:00"," ","8,20","","7,20","","93,00","","17,00","","17,00","","9,70","","101,29","","","","","","Brouillard"
"1980-02-03 13:00","1980","02","03","13:00"," ","7,30","","7,10","","99,00","","30,00","","4,00","","12,90","","101,35","","","","","","Généralement nuageux"
"1980-02-03 14:00","1980","02","03","14:00"," ","6,80","","4,50","","85,00","","0,00","","0,00","","12,90","","101,42","","","","","","Nuageux"
"1980-02-03 15:00","1980","02","03","15:00"," ","7,00","","5,40","","89,00","","0,00","","0,00","","12,90","","101,45","","","","","","Nuageux"
"1980-02-03 16:00","1980","02","03","16:00"," ","6,70","","5,70","","93,00","","0,00","","0,00","","12,90","","101,56","","","","","","Nuageux"
"1980-02-03 17:00","1980","02","03","17:00"," ","6,00","","3,80","","86,00","","0,00","","0,00","","16,10","","101,62","","","","","","Nuageux"
"1980-02-03 18:00","1980","02","03","18:00"," ","5,60","","4,20","","91,00","","0,00","","0,00","","16,10","","101,69","","","","","","Nuageux"
"1980-02-03 19:00","1980","02","03","19:00"," ","7,40","","5,10","","85,00","","0,00","","0,00","","19,30","","101,86","","","","","","Généralement dégagé"
"1980-02-03 20:00","1980","02","03","20:00"," ","6,70","","4,40","","85,00","","0,00","","0,00","","24,10","","101,96","","","","","","Généralement dégagé"
"1980-02-03 21:00","1980","02","03","21:00"," ","6,00","","4,80","","92,00","","0,00","","0,00","","24,10","","102,10","","","","","","Généralement dégagé"
"1980-02-03 22:00","1980","02","03","22:00"," ","4,90","","4,60","","98,00","","0,00","","0,00","","16,10","","102,23","","","","","","Généralement dégagé"
"1980-02-03 23:00","1980","02","03","23:00"," ","","","","","","","","","","","","","","","","","","",""
"1980-02-04 00:00","1980","02","04","00:00"," ","","","","","","","","","","","","","","","","","","",""
"1980-02-04 01:00","1980","02","04","01:00"," ","4,00","","3,60","","97,00","","0,00","","0,00","","24,10","","102,50","","","","","","Généralement dégagé"
"1980-02-04 02:00","1980","02","04","02:00"," ","","","","","","","","","","","","","","","","","","",""
"1980-02-04 03:00","1980","02","04","03:00"," ","","","","","","","","","","","","","","","","","","",""
"1980-02-04 04:00","1980","02","04","04:00"," ","3,50","","2,60","","94,00","","3,00","","6,00","","24,10","","102,64","","","","","","Généralement dégagé"
"1980-02-04 05:00","1980","02","04","05:00"," ","1,50","","0,50","","93,00","","4,00","","6,00","","24,10","","102,64","","","","","","Généralement dégagé"
"1980-02-04 06:00","1980","02","04","06:00"," ","1,80","","1,10","","95,00","","6,00","","6,00","","24,10","","102,74","","","","","","Généralement dégagé"
"1980-02-04 07:00","1980","02","04","07:00"," ","0,50","","0,00","","96,00","","4,00","","4,00","","24,10","","102,81","","","","","","Généralement nuageux"
"1980-02-04 08:00","1980","02","04","08:00"," ","2,50","","2,00","","96,00","","2,00","","6,00","","32,20","","102,81","","","","","","Généralement nuageux"
"1980-02-04 09:00","1980","02","04","09:00"," ","3,20","","2,10","","92,00","","2,00","","9,00","","32,20","","102,81","","","","","","Nuageux"
"1980-02-04 10:00","1980","02","04","10:00"," ","4,00","","3,10","","94,00","","3,00","","4,00","","32,20","","102,77","","","","","","Nuageux"
"1980-02-04 11:00","1980","02","04","11:00"," ","5,70","","4,70","","93,00","","7,00","","4,00","","32,20","","102,77","","","","","","Nuageux"
"1980-02-04 12:00","1980","02","04","12:00"," ","7,00","","4,50","","84,00","","7,00","","4,00","","32,20","","102,74","","","","","","Nuageux"
"1980-02-04 13:00","1980","02","04","13:00"," ","8,90","","2,20","","63,00","","5,00","","9,00","","32,20","","102,60","","","","","","Nuageux"
"1980-02-04 14:00","1980","02","04","14:00"," ","10,10","","1,40","","55,00","","9,00","","6,00","","32,20","","102,54","","","","","","Généralement dégagé"
"1980-02-04 15:00","1980","02","04","15:00"," ","8,00","","4,80","","80,00","","14,00","","7,00","","32,20","","102,44","","","","","","Généralement nuageux"
"1980-02-04 16:00","1980","02","04","16:00"," ","8,60","","3,50","","70,00","","9,00","","7,00","","32,20","","102,27","","","","","","Nuageux"
"1980-02-04 17:00","1980","02","04","17:00"," ","6,70","","2,60","","75,00","","9,00","","6,00","","32,20","","102,16","","","","","","Nuageux"
"1980-02-04 18:00","1980","02","04","18:00"," ","6,00","","0,50","","68,00","","9,00","","11,00","","32,20","","102,06","","","","","","Nuageux"
"1980-02-04 19:00","1980","02","04","19:00"," ","6,00","","1,00","","70,00","","9,00","","11,00","","32,20","","101,93","","","","","","Nuageux"
"1980-02-04 20:00","1980","02","04","20:00"," ","5,00","","1,90","","80,00","","6,00","","7,00","","32,20","","101,93","","","","","","Nuageux"
"1980-02-04 21:00","1980","02","04","21:00"," ","5,20","","0,40","","71,00","","4,00","","13,00","","32,20","","101,86","","","","","","Nuageux"
"1980-02-04 22:00","1980","02","04","22:00"," ","5,80","","1,00","","71,00","","9,00","","7,00","","32,20","","101,76","","","","","","Nuageux"
"1980-02-04 23:00","1980","02","04","23:00"," ","","","","","","","","","","","","","","","","","","",""
"1980-02-05 00:00","1980","02","05","00:00"," ","","","","","","","","","","","","","","","","","","",""
"1980-02-05 01:00","1980","02","05","01:00"," ","7,00","","-0,40","","59,00","","8,00","","13,00","","24,10","","101,59","","","","","","Nuageux"
"1980-02-05 02:00","1980","02","05","02:00"," ","","","","","","","","","","","","","","","","","","",""
"1980-02-05 03:00","1980","02","05","03:00"," ","","","","","","","","","","","","","","","","","","",""
"1980-02-05 04:00","1980","02","05","04:00"," ","7,50","","2,30","","69,00","","7,00","","28,00","","16,10","","101,39","","","","","","Pluie"
"1980-02-05 05:00","1980","02","05","05:00"," ","7,90","","2,90","","71,00","","3,00","","13,00","","16,10","","101,35","","","","","","Nuageux"
"1980-02-05 06:00","1980","02","05","06:00"," ","8,70","","2,50","","65,00","","7,00","","19,00","","16,10","","101,29","","","","","","Pluie"
"1980-02-05 07:00","1980","02","05","07:00"," ","8,80","","3,20","","68,00","","7,00","","15,00","","16,10","","101,25","","","","","","Nuageux"
"1980-02-05 08:00","1980","02","05","08:00"," ","9,20","","2,70","","64,00","","8,00","","6,00","","16,10","","101,18","","","","","","Averses de pluie"
"1980-02-05 09:00","1980","02","05","09:00"," ","8,20","","3,90","","74,00","","9,00","","13,00","","24,10","","101,15","","","","","","Pluie"
"1980-02-05 10:00","1980","02","05","10:00"," ","7,70","","5,10","","84,00","","9,00","","9,00","","24,10","","101,18","","","","","","Pluie"
"1980-02-05 11:00","1980","02","05","11:00"," ","7,50","","5,10","","85,00","","8,00","","9,00","","12,90","","101,18","","","","","","Pluie"
"1980-02-05 12:00","1980","02","05","12:00"," ","7,00","","5,40","","89,00","","7,00","","15,00","","16,10","","101,18","","","","","","Pluie"
"1980-02-05 13:00","1980","02","05","13:00"," ","7,10","","5,40","","89,00","","8,00","","22,00","","19,30","","100,98","","","","","","Pluie"
"1980-02-05 14:00","1980","02","05","14:00"," ","7,20","","5,00","","86,00","","9,00","","22,00","","12,90","","100,88","","","","","","Pluie"
"1980-02-05 15:00","1980","02","05","15:00"," ","7,40","","5,90","","90,00","","9,00","","13,00","","12,90","","100,78","","","","","","Pluie"
"1980-02-05 16:00","1980","02","05","16:00"," ","7,60","","5,90","","89,00","","8,00","","15,00","","12,90","","100,74","","","","","","Pluie"
"1980-02-05 17:00","1980","02","05","17:00"," ","7,70","","6,30","","91,00","","9,00","","15,00","","4,80","","100,68","","","","","","Pluie,Brouillard"
"1980-02-05 18:00","1980","02","05","18:00"," ","7,70","","6,70","","93,00","","9,00","","13,00","","9,70","","100,64","","","","","","Pluie,Brouillard"
"1980-02-05 19:00","1980","02","05","19:00"," ","8,30","","7,40","","94,00","","9,00","","19,00","","12,90","","100,64","","","","","","Nuageux"
"1980-02-05 20:00","1980","02","05","20:00"," ","8,40","","7,00","","91,00","","9,00","","19,00","","16,10","","100,61","","","","","","Nuageux"
"1980-02-05 21:00","1980","02","05","21:00"," ","8,60","","7,40","","92,00","","9,00","","13,00","","19,30","","100,58","","","","","","Nuageux"
"1980-02-05 22:00","1980","02","05","22:00"," ","8,80","","7,90","","94,00","","10,00","","15,00","","19,30","","100,51","","","","","","Nuageux"
"1980-02-05 23:00","1980","02","05","23:00"," ","","","","","","","","","","","","","","","","","","",""
"1980-02-06 00:00","1980","02","06","00:00"," ","","","","","","","","","","","","","","","","","","",""
"1980-02-06 01:00","1980","02","06","01:00"," ","8,90","","7,90","","93,00","","15,00","","24,00","","16,10","","100,71","","","","","","Nuageux"
"1980-02-06 02:00","1980","02","06","02:00"," ","","","","","","","","","","","","","","","","","","",""
"1980-02-06 03:00","1980","02","06","03:00"," ","","","","","","","","","","","","","","","","","","",""
"1980-02-06 04:00","1980","02","06","04:00"," ","8,60","","7,40","","92,00","","14,00","","19,00","","19,30","","100,81","","","","","","Nuageux"
"1980-02-06 05:00","1980","02","06","05:00"," ","8,60","","7,70","","94,00","","14,00","","19,00","","19,30","","100,91","","","","","","Généralement nuageux"
"1980-02-06 06:00","1980","02","06","06:00"," ","8,60","","7,40","","92,00","","13,00","","9,00","","19,30","","101,05","","","","","","Nuageux"
"1980-02-06 07:00","1980","02","06","07:00"," ","8,20","","7,20","","93,00","","0,00","","0,00","","19,30","","101,15","","","","","","Nuageux"
"1980-02-06 08:00","1980","02","06","08:00"," ","8,00","","7,20","","95,00","","9,00","","6,00","","6,40","","101,29","","","","","","Brouillard"
"1980-02-06 09:00","1980","02","06","09:00"," ","7,40","","6,70","","96,00","","0,00","","0,00","","19,30","","101,45","","","","","","Nuageux"
"1980-02-06 10:00","1980","02","06","10:00"," ","7,80","","6,80","","93,00","","0,00","","0,00","","19,30","","101,62","","","","","","Généralement nuageux"
"1980-02-06 11:00","1980","02","06","11:00"," ","8,60","","6,60","","87,00","","0,00","","0,00","","32,20","","101,76","","","","","","Généralement nuageux"
"1980-02-06 12:00","1980","02","06","12:00"," ","9,00","","7,10","","88,00","","20,00","","6,00","","24,10","","101,89","","","","","","Généralement nuageux"
"1980-02-06 13:00","1980","02","06","13:00"," ","10,30","","7,50","","83,00","","28,00","","6,00","","16,10","","101,96","","","","","","Généralement nuageux"
"1980-02-06 14:00","1980","02","06","14:00"," ","9,80","","7,40","","85,00","","27,00","","7,00","","32,20","","102,06","","","","","","Généralement nuageux"
"1980-02-06 15:00","1980","02","06","15:00"," ","8,90","","6,70","","86,00","","30,00","","9,00","","32,20","","102,16","","","","","","Généralement nuageux"
"1980-02-06 16:00","1980","02","06","16:00"," ","9,10","","6,70","","85,00","","28,00","","13,00","","32,20","","102,27","","","","","","Généralement nuageux"
"1980-02-06 17:00","1980","02","06","17:00"," ","8,50","","6,10","","85,00","","28,00","","13,00","","32,20","","102,37","","","","","","Généralement dégagé"
"1980-02-06 18:00","1980","02","06","18:00"," ","6,80","","5,80","","93,00","","29,00","","6,00","","32,20","","102,47","","","","","","Généralement dégagé"
"1980-02-06 19:00","1980","02","06","19:00"," ","4,60","","3,60","","93,00","","27,00","","4,00","","32,20","","102,54","","","","","","Dégagé"
"1980-02-06 20:00","1980","02","06","20:00"," ","3,70","","3,10","","96,00","","7,00","","6,00","","19,30","","102,60","","","","","","Dégagé"
"1980-02-06 21:00","1980","02","06","21:00"," ","3,30","","2,60","","95,00","","0,00","","0,00","","19,30","","102,71","","","","","","Dégagé"
"1980-02-06 22:00","1980","02","06","22:00"," ","2,50","","2,50","","100,00","","0,00","","0,00","","0,80","","102,77","","","","","","Brouillard"
"1980-02-06 23:00","1980","02","06","23:00"," ","","","","","","","","","","","","","","","","","","",""
"1980-02-07 00:00","1980","02","07","00:00"," ","","","","","","","","","","","","","","","","","","",""
"1980-02-07 01:00","1980","02","07","01:00"," ","5,90","","5,20","","95,00","","2,00","","6,00","","16,10","","102,98","","","","","","Nuageux"
"1980-02-07 02:00","1980","02","07","02:00"," ","","","","","","","","","","","","","","","","","","",""
"1980-02-07 03:00","1980","02","07","03:00"," ","","","","","","","","","","","","","","","","","","",""
"1980-02-07 04:00","1980","02","07","04:00"," ","5,70","","5,10","","96,00","","0,00","","0,00","","19,30","","103,01","","","","","","Nuageux"
"1980-02-07 05:00","1980","02","07","05:00"," ","5,40","","5,10","","98,00","","0,00","","0,00","","19,30","","103,01","","","","","","Généralement nuageux"
"1980-02-07 06:00","1980","02","07","06:00"," ","5,80","","5,20","","96,00","","0,00","","0,00","","6,40","","103,04","","","","","","Brouillard"
"1980-02-07 07:00","1980","02","07","07:00"," ","5,70","","5,10","","96,00","","0,00","","0,00","","9,70","","103,04","","","","","","Brouillard"
"1980-02-07 08:00","1980","02","07","08:00"," ","5,90","","5,20","","95,00","","0,00","","0,00","","16,10","","103,15","","","","","","Nuageux"
"1980-02-07 09:00","1980","02","07","09:00"," ","6,30","","5,70","","96,00","","10,00","","6,00","","24,10","","103,08","","","","","","Nuageux"
"1980-02-07 10:00","1980","02","07","10:00"," ","6,70","","5,70","","93,00","","0,00","","0,00","","24,10","","103,11","","","","","","Nuageux"
"1980-02-07 11:00","1980","02","07","11:00"," ","7,40","","6,30","","93,00","","0,00","","0,00","","24,10","","103,11","","","","","","Nuageux"
"1980-02-07 12:00","1980","02","07","12:00"," ","7,80","","6,80","","93,00","","0,00","","0,00","","6,40","","103,11","","","","","","Bruine,Brouillard"
"1980-02-07 13:00","1980","02","07","13:00"," ","8,00","","6,80","","92,00","","0,00","","0,00","","6,40","","103,04","","","","","","Bruine,Brouillard"
"1980-02-07 14:00","1980","02","07","14:00"," ","7,80","","6,80","","93,00","","0,00","","0,00","","4,80","","102,98","","","","","","Brouillard"
"1980-02-07 15:00","1980","02","07","15:00"," ","7,60","","6,70","","94,00","","0,00","","0,00","","4,80","","102,91","","","","","","Bruine,Brouillard"
"1980-02-07 16:00","1980","02","07","16:00"," ","7,60","","5,90","","89,00","","0,00","","0,00","","12,90","","102,87","","","","","","Nuageux"
"1980-02-07 17:00","1980","02","07","17:00"," ","7,30","","6,30","","93,00","","0,00","","0,00","","12,90","","102,81","","","","","","Nuageux"
"1980-02-07 18:00","1980","02","07","18:00"," ","7,30","","6,30","","93,00","","18,00","","6,00","","4,80","","102,81","","","","","","Brouillard"
"1980-02-07 19:00","1980","02","07","19:00"," ","6,90","","6,20","","96,00","","0,00","","0,00","","1,60","","102,77","","","","","","Brouillard"
"1980-02-07 20:00","1980","02","07","20:00"," ","6,80","","6,20","","96,00","","0,00","","0,00","","1,60","","102,71","","","","","","Brouillard"
"1980-02-07 21:00","1980","02","07","21:00"," ","6,80","","6,20","","96,00","","0,00","","0,00","","1,60","","102,67","","","","","","Brouillard"
"1980-02-07 22:00","1980","02","07","22:00"," ","6,40","","6,10","","98,00","","0,00","","0,00","","4,80","","102,64","","","","","","Brouillard"
"1980-02-07 23:00","1980","02","07","23:00"," ","","","","","","","","","","","","","","","","","","",""
"1980-02-08 00:00","1980","02","08","00:00"," ","","","","","","","","","","","","","","","","","","",""
"1980-02-08 01:00","1980","02","08","01:00"," ","6,30","","5,70","","96,00","","0,00","","0,00","","12,90","","102,47","","","","","","Nuageux"
"1980-02-08 02:00","1980","02","08","02:00"," ","","","","","","","","","","","","","","","","","","",""
"1980-02-08 03:00","1980","02","08","03:00"," ","","","","","","","","","","","","","","","","","","",""
"1980-02-08 04:00","1980","02","08","04:00"," ","6,00","","5,20","","95,00","","2,00","","4,00","","12,90","","102,33","","","","","","Nuageux"
"1980-02-08 05:00","1980","02","08","05:00"," ","","","","","","","","","","","","","","","","","","",""
"1980-02-08 06:00","1980","02","08","06:00"," ","5,60","","4,70","","94,00","","0,00","","0,00","","16,10","","102,23","","","","","","Nuageux"
"1980-02-08 07:00","1980","02","08","07:00"," ","5,50","","4,70","","95,00","","0,00","","0,00","","19,30","","102,20","","","","","","Nuageux"
"1980-02-08 08:00","1980","02","08","08:00"," ","5,50","","4,70","","95,00","","0,00","","0,00","","19,30","","102,16","","","","","","Nuageux"
"1980-02-08 09:00","1980","02","08","09:00"," ","6,00","","5,20","","95,00","","0,00","","0,00","","16,10","","102,16","","","","","","Nuageux"
"1980-02-08 10:00","1980","02","08","10:00"," ","6,30","","5,30","","93,00","","0,00","","0,00","","16,10","","102,16","","","","","","Nuageux"
"1980-02-08 11:00","1980","02","08","11:00"," ","6,30","","5,30","","93,00","","0,00","","0,00","","16,10","","102,16","","","","","","Nuageux"
"1980-02-08 12:00","1980","02","08","12:00"," ","6,40","","4,90","","90,00","","0,00","","0,00","","16,10","","102,06","","","","","","Nuageux"
"1980-02-08 13:00","1980","02","08","13:00"," ","6,80","","5,80","","93,00","","0,00","","0,00","","4,80","","101,96","","","","","","Brouillard"
"1980-02-08 14:00","1980","02","08","14:00"," ","6,70","","5,30","","90,00","","30,00","","6,00","","9,70","","101,93","","","","","","Brouillard"
"1980-02-08 15:00","1980","02","08","15:00"," ","6,70","","5,30","","90,00","","0,00","","0,00","","6,40","","101,89","","","","","","Brouillard"
"1980-02-08 16:00","1980","02","08","16:00"," ","6,90","","5,80","","93,00","","0,00","","0,00","","6,40","","101,79","","","","","","Brouillard"
"1980-02-08 17:00","1980","02","08","17:00"," ","7,10","","5,40","","89,00","","0,00","","0,00","","9,70","","101,73","","","","","","Brouillard"
"1980-02-08 18:00","1980","02","08","18:00"," ","5,60","","4,20","","91,00","","0,00","","0,00","","24,10","","101,69","","","","","","Généralement nuageux"
"1980-02-08 19:00","1980","02","08","19:00"," ","5,50","","4,70","","95,00","","0,00","","0,00","","1,20","","101,69","","","","","","Brouillard"
"1980-02-08 20:00","1980","02","08","20:00"," ","5,70","","5,10","","96,00","","0,00","","0,00","","0,40","","101,69","","","","","","Brouillard"
"1980-02-08 21:00","1980","02","08","21:00"," ","5,60","","5,10","","97,00","","0,00","","0,00","","0,80","","101,69","","","","","","Brouillard"
"1980-02-08 22:00","1980","02","08","22:00"," ","5,80","","5,20","","96,00","","0,00","","0,00","","1,60","","101,67","","","","","","Brouillard"
"1980-02-08 23:00","1980","02","08","23:00"," ","","","","","","","","","","","","","","","","","","",""
"1980-02-09 00:00","1980","02","09","00:00"," ","","","","","","","","","","","","","","","","","","",""
"1980-02-09 01:00","1980","02","09","01:00"," ","5,40","","5,10","","98,00","","35,00","","6,00","","1,20","","101,76","","","","","","Brouillard"
"1980-02-09 02:00","1980","02","09","02:00"," ","","","","","","","","","","","","","","","","","","",""
"1980-02-09 03:00","1980","02","09","03:00"," ","","","","","","","","","","","","","","","","","","",""
"1980-02-09 04:00","1980","02","09","04:00"," ","4,80","","4,60","","99,00","","0,00","","0,00","","0,80","","101,79","","","","","","Brouillard"
"1980-02-09 05:00","1980","02","09","05:00"," ","","","","","","","","","","","","","","","","","","",""
"1980-02-09 06:00","1980","02","09","06:00"," ","4,30","","4,10","","99,00","","0,00","","0,00","","0,80","","101,79","","","","","","Brouillard"
"1980-02-09 07:00","1980","02","09","07:00"," ","4,00","","3,10","","94,00","","0,00","","0,00","","0,80","","101,86","","","","","","Brouillard"
"1980-02-09 08:00","1980","02","09","08:00"," ","3,80","","3,60","","99,00","","0,00","","0,00","","0,40","","101,93","","","","","","Brouillard"
"1980-02-09 09:00","1980","02","09","09:00"," ","4,50","","4,10","","97,00","","0,00","","0,00","","0,40","","102,00","","","","","","Brouillard"
"1980-02-09 10:00","1980","02","09","10:00"," ","5,60","","5,10","","97,00","","0,00","","0,00","","1,60","","102,03","","","","","","Brouillard"
"1980-02-09 11:00","1980","02","09","11:00"," ","6,20","","5,20","","93,00","","0,00","","0,00","","4,80","","102,10","","","","","","Brouillard"
"1980-02-09 12:00","1980","02","09","12:00"," ","6,90","","5,80","","93,00","","0,00","","0,00","","11,30","","102,06","","","","","","Généralement dégagé"
"1980-02-09 13:00","1980","02","09","13:00"," ","8,80","","5,90","","82,00","","18,00","","7,00","","32,20","","102,06","","","","","","Généralement dégagé"
"1980-02-09 14:00","1980","02","09","14:00"," ","9,00","","5,00","","76,00","","18,00","","7,00","","32,20","","102,03","","","","","","Généralement dégagé"
"1980-02-09 15:00","1980","02","09","15:00"," ","7,70","","4,60","","81,00","","18,00","","7,00","","32,20","","102,06","","","","","","Généralement dégagé"
"1980-02-09 16:00","1980","02","09","16:00"," ","8,20","","5,20","","81,00","","18,00","","6,00","","32,20","","102,06","","","","","","Généralement dégagé"
"1980-02-09 17:00","1980","02","09","17:00"," ","7,90","","5,60","","86,00","","18,00","","4,00","","32,20","","102,16","","","","","","Généralement dégagé"
"1980-02-09 18:00","1980","02","09","18:00"," ","4,80","","3,70","","93,00","","0,00","","0,00","","32,20","","102,16","","","","","","Dégagé"
"1980-02-09 19:00","1980","02","09","19:00"," ","3,10","","2,10","","93,00","","0,00","","0,00","","32,20","","102,16","","","","","","Dégagé"
"1980-02-09 20:00","1980","02","09","20:00"," ","2,30","","1,60","","95,00","","0,00","","0,00","","32,20","","102,16","","","","","","Dégagé"
"1980-02-09 21:00","1980","02","09","21:00"," ","1,90","","1,50","","97,00","","0,00","","0,00","","32,20","","102,23","","","","","","Dégagé"
"1980-02-09 22:00","1980","02","09","22:00"," ","1,30","","0,50","","95,00","","0,00","","0,00","","32,20","","102,23","","","","","","Dégagé"
"1980-02-09 23:00","1980","02","09","23:00"," ","","","","","","","","","","","","","","","","","","",""
"1980-02-10 00:00","1980","02","10","00:00"," ","","","","","","","","","","","","","","","","","","",""
"1980-02-10 01:00","1980","02","10","01:00"," ","0,20","","-0,50","","95,00","","0,00","","0,00","","1,20","","102,27","","","","","","Brouillard"
"1980-02-10 02:00","1980","02","10","02:00"," ","","","","","","","","","","","","","","","","","","",""
"1980-02-10 03:00","1980","02","10","03:00"," ","","","","","","","","","","","","","","","","","","",""
"1980-02-10 04:00","1980","02","10","04:00"," ","-0,30","","-1,10","","94,00","","0,00","","0,00","","1,20","","102,20","","","","","","Brouillard"
"1980-02-10 05:00","1980","02","10","05:00"," ","","","","","","","","","","","","","","","","","","",""
"1980-02-10 06:00","1980","02","10","06:00"," ","-0,70","","-1,10","","97,00","","0,00","","0,00","","0,80","","102,23","","","","","","Brouillard"
"1980-02-10 07:00","1980","02","10","07:00"," ","0,00","","-2,90","","81,00","","0,00","","0,00","","12,90","","102,16","","","","","","Généralement dégagé"
"1980-02-10 08:00","1980","02","10","08:00"," ","1,00","","-0,50","","90,00","","0,00","","0,00","","0,40","","102,20","","","","","","Brouillard"
"1980-02-10 09:00","1980","02","10","09:00"," ","2,70","","1,60","","92,00","","0,00","","0,00","","0,40","","102,23","","","","","","Brouillard"
"1980-02-10 10:00","1980","02","10","10:00"," ","3,80","","3,60","","99,00","","0,00","","0,00","","0,40","","102,16","","","","","","Brouillard"
"1980-02-10 11:00","1980","02","10","11:00"," ","4,40","","4,10","","98,00","","0,00","","0,00","","0,40","","102,16","","","","","","Brouillard"
"1980-02-10 12:00","1980","02","10","12:00"," ","4,70","","4,10","","96,00","","0,00","","0,00","","1,20","","102,10","","","","","","Brouillard"
"1980-02-10 13:00","1980","02","10","13:00"," ","4,90","","4,60","","98,00","","0,00","","0,00","","1,20","","102,06","","","","","","Brouillard"
"1980-02-10 14:00","1980","02","10","14:00"," ","5,30","","4,70","","96,00","","0,00","","0,00","","3,20","","102,03","","","","","","Brouillard"
"1980-02-10 15:00","1980","02","10","15:00"," ","5,00","","4,20","","95,00","","0,00","","0,00","","3,20","","102,00","","","","","","Brouillard"
"1980-02-10 16:00","1980","02","10","16:00"," ","4,90","","4,60","","98,00","","33,00","","6,00","","3,20","","101,89","","","","","","Brouillard"
"1980-02-10 17:00","1980","02","10","17:00"," ","4,40","","4,10","","98,00","","0,00","","0,00","","1,60","","101,86","","","","","","Brouillard"
"1980-02-10 18:00","1980","02","10","18:00"," ","4,30","","4,10","","99,00","","0,00","","0,00","","1,20","","101,89","","","","","","Brouillard"
"1980-02-10 19:00","1980","02","10","19:00"," ","4,00","","3,60","","97,00","","0,00","","0,00","","0,40","","101,89","","","","","","Brouillard"
"1980-02-10 20:00","1980","02","10","20:00"," ","3,90","","3,60","","98,00","","0,00","","0,00","","0,20","","101,93","","","","","","Bruine,Brouillard"
"1980-02-10 21:00","1980","02","10","21:00"," ","3,60","","3,10","","97,00","","0,00","","0,00","","0,20","","101,89","","","","","","Bruine,Brouillard"
"1980-02-10 22:00","1980","02","10","22:00"," ","3,50","","3,10","","97,00","","0,00","","0,00","","0,20","","101,89","","","","","","Brouillard"
"1980-02-10 23:00","1980","02","10","23:00"," ","","","","","","","","","","","","","","","","","","",""
"1980-02-11 00:00","1980","02","11","00:00"," ","","","","","","","","","","","","","","","","","","",""
"1980-02-11 01:00","1980","02","11","01:00"," ","2,80","","2,60","","99,00","","0,00","","0,00","","0,20","","101,79","","","","","","Brouillard"
"1980-02-11 02:00","1980","02","11","02:00"," ","","","","","","","","","","","","","","","","","","",""
"1980-02-11 03:00","1980","02","11","03:00"," ","","","","","","","","","","","","","","","","","","",""
"1980-02-11 04:00","1980","02","11","04:00"," ","2,20","","2,20","","100,00","","0,00","","0,00","","0,20","","101,73","","","","","","Brouillard"
"1980-02-11 05:00","1980","02","11","05:00"," ","","","","","","","","","","","","","","","","","","",""
"1980-02-11 06:00","1980","02","11","06:00"," ","3,30","","3,10","","99,00","","0,00","","0,00","","0,20","","101,69","","","","","","Brouillard"
"1980-02-11 07:00","1980","02","11","07:00"," ","1,20","","0,50","","95,00","","0,00","","0,00","","0,20","","101,66","","","","","","Brouillard"
"1980-02-11 08:00","1980","02","11","08:00"," ","1,40","","1,00","","97,00","","0,00","","0,00","","0,20","","101,62","","","","","","Brouillard"
"1980-02-11 09:00","1980","02","11","09:00"," ","1,60","","1,00","","96,00","","0,00","","0,00","","0,20","","101,62","","","","","","Brouillard"
"1980-02-11 10:00","1980","02","11","10:00"," ","3,10","","2,60","","97,00","","0,00","","0,00","","0,20","","101,59","","","","","","Brouillard"
"1980-02-11 11:00","1980","02","11","11:00"," ","2,50","","2,00","","96,00","","0,00","","0,00","","0,20","","101,56","","","","","","Brouillard"
"1980-02-11 12:00","1980","02","11","12:00"," ","3,40","","3,10","","98,00","","0,00","","0,00","","0,80","","101,56","","","","","","Brouillard"
"1980-02-11 13:00","1980","02","11","13:00"," ","3,40","","3,10","","98,00","","0,00","","0,00","","1,20","","101,49","","","","","","Brouillard"
"1980-02-11 14:00","1980","02","11","14:00"," ","3,80","","3,10","","95,00","","0,00","","0,00","","6,40","","101,45","","","","","","Brouillard"
"1980-02-11 15:00","1980","02","11","15:00"," ","3,80","","3,10","","95,00","","0,00","","0,00","","6,40","","101,42","","","","","","Brouillard"
"1980-02-11 16:00","1980","02","11","16:00"," ","4,20","","3,10","","92,00","","0,00","","0,00","","4,80","","101,39","","","","","","Brouillard"
"1980-02-11 17:00","1980","02","11","17:00"," ","3,30","","3,10","","99,00","","2,00","","6,00","","3,20","","101,35","","","","","","Brouillard"
"1980-02-11 18:00","1980","02","11","18:00"," ","3,00","","3,00","","100,00","","27,00","","7,00","","0,20","","101,32","","","","","","Brouillard"
"1980-02-11 19:00","1980","02","11","19:00"," ","2,80","","2,80","","100,00","","0,00","","0,00","","0,20","","101,29","","","","","","Brouillard"
"1980-02-11 20:00","1980","02","11","20:00"," ","2,70","","2,50","","98,00","","0,00","","0,00","","0,00","","101,29","","","","","","Brouillard"
"1980-02-11 21:00","1980","02","11","21:00"," ","2,30","","2,30","","100,00","","0,00","","0,00","","0,00","","101,29","","","","","","Brouillard"
"1980-02-11 22:00","1980","02","11","22:00"," ","2,30","","2,00","","98,00","","0,00","","0,00","","0,00","","101,29","","","","","","Brouillard"
"1980-02-11 23:00","1980","02","11","23:00"," ","","","","","","","","","","","","","","","","","","",""
"1980-02-12 00:00","1980","02","12","00:00"," ","","","","","","","","","","","","","","","","","","",""
"1980-02-12 01:00","1980","02","12","01:00"," ","1,70","","1,00","","95,00","","0,00","","0,00","","0,00","","101,29","","","","","","Brouillard"
"1980-02-12 02:00","1980","02","12","02:00"," ","","","","","","","","","","","","","","","","","","",""
"1980-02-12 03:00","1980","02","12","03:00"," ","","","","","","","","","","","","","","","","","","",""
"1980-02-12 04:00","1980","02","12","04:00"," ","1,20","","0,50","","95,00","","0,00","","0,00","","0,00","","101,25","","","","","","Brouillard"
"1980-02-12 05:00","1980","02","12","05:00"," ","","","","","","","","","","","","","","","","","","",""
"1980-02-12 06:00","1980","02","12","06:00"," ","1,30","","1,00","","98,00","","0,00","","0,00","","0,00","","101,25","","","","","","Brouillard"
"1980-02-12 07:00","1980","02","12","07:00"," ","0,50","","0,00","","96,00","","0,00","","0,00","","0,20","","101,25","","","","","","Brouillard"
"1980-02-12 08:00","1980","02","12","08:00"," ","0,60","","0,00","","96,00","","0,00","","0,00","","0,20","","101,25","","","","","","Brouillard"
"1980-02-12 09:00","1980","02","12","09:00"," ","0,80","","0,50","","98,00","","0,00","","0,00","","0,40","","101,29","","","","","","Brouillard"
"1980-02-12 10:00","1980","02","12","10:00"," ","1,40","","1,00","","97,00","","0,00","","0,00","","1,20","","101,29","","","","","","Brouillard"
"1980-02-12 11:00","1980","02","12","11:00"," ","1,70","","0,50","","92,00","","0,00","","0,00","","1,20","","101,25","","","","","","Brouillard"
"1980-02-12 12:00","1980","02","12","12:00"," ","1,70","","1,00","","95,00","","0,00","","0,00","","1,20","","101,18","","","","","","Brouillard"
"1980-02-12 13:00","1980","02","12","13:00"," ","2,00","","1,10","","94,00","","0,00","","0,00","","1,60","","101,12","","","","","","Brouillard"
"1980-02-12 14:00","1980","02","12","14:00"," ","3,20","","2,10","","92,00","","4,00","","6,00","","6,40","","101,08","","","","","","Brouillard"
"1980-02-12 15:00","1980","02","12","15:00"," ","3,30","","2,60","","95,00","","0,00","","0,00","","9,70","","101,02","","","","","","Brouillard"
"1980-02-12 16:00","1980","02","12","16:00"," ","3,20","","2,10","","92,00","","1,00","","4,00","","9,70","","101,02","","","","","","Brouillard"
"1980-02-12 17:00","1980","02","12","17:00"," ","3,30","","2,60","","95,00","","0,00","","0,00","","12,90","","100,95","","","","","","Nuageux"
"1980-02-12 18:00","1980","02","12","18:00"," ","3,30","","2,60","","95,00","","0,00","","0,00","","12,90","","100,95","","","","","","Nuageux"
"1980-02-12 19:00","1980","02","12","19:00"," ","3,30","","2,60","","95,00","","0,00","","0,00","","12,90","","100,91","","","","","","Nuageux"
"1980-02-12 20:00","1980","02","12","20:00"," ","3,20","","1,60","","89,00","","0,00","","0,00","","12,90","","100,95","","","","","","Nuageux"
"1980-02-12 21:00","1980","02","12","21:00"," ","3,10","","2,10","","93,00","","0,00","","0,00","","12,90","","100,95","","","","","","Nuageux"
"1980-02-12 22:00","1980","02","12","22:00"," ","2,80","","2,10","","95,00","","0,00","","0,00","","12,90","","100,95","","","","","","Nuageux"
"1980-02-12 23:00","1980","02","12","23:00"," ","","","","","","","","","","","","","","","","","","",""
"1980-02-13 00:00","1980","02","13","00:00"," ","","","","","","","","","","","","","","","","","","",""
"1980-02-13 01:00","1980","02","13","01:00"," ","1,40","","0,50","","94,00","","0,00","","0,00","","24,10","","100,88","","","","","","Généralement dégagé"
"1980-02-13 02:00","1980","02","13","02:00"," ","","","","","","","","","","","","","","","","","","",""
"1980-02-13 03:00","1980","02","13","03:00"," ","","","","","","","","","","","","","","","","","","",""
"1980-02-13 04:00","1980","02","13","04:00"," ","1,40","","0,50","","94,00","","0,00","","0,00","","24,10","","100,81","","","","","","Généralement dégagé"
"1980-02-13 05:00","1980","02","13","05:00"," ","","","","","","","","","","","","","","","","","","",""
"1980-02-13 06:00","1980","02","13","06:00"," ","0,80","","0,00","","95,00","","0,00","","0,00","","24,10","","100,68","","","","","","Généralement nuageux"
"1980-02-13 07:00","1980","02","13","07:00"," ","-0,50","","-1,10","","96,00","","0,00","","0,00","","32,20","","100,64","","","","","","Généralement nuageux"
"1980-02-13 08:00","1980","02","13","08:00"," ","-0,80","","-1,50","","95,00","","0,00","","0,00","","32,20","","100,68","","","","","","Généralement dégagé"
"1980-02-13 09:00","1980","02","13","09:00"," ","0,40","","-2,50","","81,00","","0,00","","0,00","","32,20","","100,68","","","","","","Généralement dégagé"
"1980-02-13 10:00","1980","02","13","10:00"," ","5,00","","1,40","","77,00","","0,00","","0,00","","32,20","","100,64","","","","","","Dégagé"
"1980-02-13 11:00","1980","02","13","11:00"," ","5,40","","1,50","","76,00","","0,00","","0,00","","32,20","","100,64","","","","","","Dégagé"
"1980-02-13 12:00","1980","02","13","12:00"," ","7,30","","1,80","","68,00","","0,00","","0,00","","32,20","","100,61","","","","","","Dégagé"
"1980-02-13 13:00","1980","02","13","13:00"," ","9,80","","-7,40","","29,00","","0,00","","0,00","","32,20","","100,51","","","","","","Dégagé"
"1980-02-13 14:00","1980","02","13","14:00"," ","10,10","","-8,30","","26,00","","36,00","","19,00","","32,20","","100,44","","","","","","Dégagé"
"1980-02-13 15:00","1980","02","13","15:00"," ","8,40","","-0,10","","55,00","","18,00","","11,00","","32,20","","100,41","","","","","","Dégagé"
"1980-02-13 16:00","1980","02","13","16:00"," ","7,60","","0,30","","60,00","","20,00","","6,00","","32,20","","100,41","","","","","","Dégagé"
"1980-02-13 17:00","1980","02","13","17:00"," ","6,70","","0,60","","65,00","","6,00","","6,00","","32,20","","100,37","","","","","","Dégagé"
"1980-02-13 18:00","1980","02","13","18:00"," ","6,50","","-9,90","","30,00","","6,00","","9,00","","32,20","","100,41","","","","","","Dégagé"
"1980-02-13 19:00","1980","02","13","19:00"," ","3,90","","-5,10","","52,00","","6,00","","9,00","","32,20","","100,37","","","","","","Dégagé"
"1980-02-13 20:00","1980","02","13","20:00"," ","2,20","","-2,80","","69,00","","4,00","","4,00","","32,20","","100,37","","","","","","Dégagé"
"1980-02-13 21:00","1980","02","13","21:00"," ","0,50","","-4,30","","70,00","","3,00","","9,00","","32,20","","100,37","","","","","","Dégagé"
"1980-02-13 22:00","1980","02","13","22:00"," ","4,40","","-7,40","","42,00","","6,00","","13,00","","32,20","","100,41","","","","","","Dégagé"
"1980-02-13 23:00","1980","02","13","23:00"," ","","","","","","","","","","","","","","","","","","",""
"1980-02-14 00:00","1980","02","14","00:00"," ","","","","","","","","","","","","","","","","","","",""
"1980-02-14 01:00","1980","02","14","01:00"," ","4,00","","0,30","","77,00","","6,00","","20,00","","32,20","","100,37","","","","","","Généralement dégagé"
"1980-02-14 02:00","1980","02","14","02:00"," ","","","","","","","","","","","","","","","","","","",""
"1980-02-14 03:00","1980","02","14","03:00"," ","","","","","","","","","","","","","","","","","","",""
"1980-02-14 04:00","1980","02","14","04:00"," ","3,20","","-8,10","","43,00","","7,00","","20,00","","32,20","","100,31","","","","","","Généralement dégagé"
"1980-02-14 05:00","1980","02","14","05:00"," ","","","","","","","","","","","","","","","","","","",""
"1980-02-14 06:00","1980","02","14","06:00"," ","3,00","","-9,80","","38,00","","7,00","","24,00","","32,20","","100,27","","","","","","Généralement dégagé"
"1980-02-14 07:00","1980","02","14","07:00"," ","2,50","","-10,80","","37,00","","6,00","","9,00","","32,20","","100,24","","","","","","Généralement dégagé"
"1980-02-14 08:00","1980","02","14","08:00"," ","2,30","","-9,90","","40,00","","6,00","","11,00","","32,20","","100,24","","","","","","Généralement dégagé"
"1980-02-14 09:00","1980","02","14","09:00"," ","2,80","","-10,70","","36,00","","9,00","","13,00","","32,20","","100,24","","","","","","Généralement dégagé"
"1980-02-14 10:00","1980","02","14","10:00"," ","4,40","","-10,40","","33,00","","4,00","","20,00","","32,20","","100,20","","","","","","Généralement dégagé"
"1980-02-14 11:00","1980","02","14","11:00"," ","5,20","","-11,20","","29,00","","7,00","","13,00","","32,20","","100,20","","","","","","Généralement dégagé"
"1980-02-14 12:00","1980","02","14","12:00"," ","5,80","","-11,00","","29,00","","6,00","","28,00","","32,20","","100,17","","","","","","Généralement dégagé"
"1980-02-14 13:00","1980","02","14","13:00"," ","6,00","","-11,00","","28,00","","4,00","","20,00","","32,20","","100,17","","","","","","Généralement nuageux"
"1980-02-14 14:00","1980","02","14","14:00"," ","6,10","","-12,10","","26,00","","7,00","","13,00","","32,20","","100,14","","","","","","Généralement nuageux"
"1980-02-14 15:00","1980","02","14","15:00"," ","5,30","","-9,00","","35,00","","4,00","","19,00","","32,20","","100,10","","","","","","Généralement nuageux"
"1980-02-14 16:00","1980","02","14","16:00"," ","4,80","","-10,20","","33,00","","7,00","","9,00","","32,20","","100,14","","","","","","Généralement nuageux"
"1980-02-14 17:00","1980","02","14","17:00"," ","4,00","","-11,50","","31,00","","6,00","","19,00","","32,20","","100,17","","","","","","Généralement nuageux"
"1980-02-14 18:00","1980","02","14","18:00"," ","3,50","","-11,60","","32,00","","6,00","","15,00","","32,20","","100,17","","","","","","Généralement nuageux"
"1980-02-14 19:00","1980","02","14","19:00"," ","3,40","","-12,60","","30,00","","6,00","","19,00","","32,20","","100,24","","","","","","Généralement nuageux"
"1980-02-14 20:00","1980","02","14","20:00"," ","3,00","","-12,70","","30,00","","5,00","","19,00","","32,20","","100,27","","","","","","Généralement dégagé"
"1980-02-14 21:00","1980","02","14","21:00"," ","2,00","","-9,90","","41,00","","7,00","","9,00","","32,20","","100,31","","","","","","Généralement dégagé"
"1980-02-14 22:00","1980","02","14","22:00"," ","1,70","","-10,90","","38,00","","9,00","","9,00","","32,20","","100,31","","","","","","Généralement dégagé"
"1980-02-14 23:00","1980","02","14","23:00"," ","","","","","","","","","","","","","","","","","","",""
"1980-02-15 00:00","1980","02","15","00:00"," ","","","","","","","","","","","","","","","","","","",""
"1980-02-15 01:00","1980","02","15","01:00"," ","2,00","","-6,70","","52,00","","7,00","","20,00","","32,20","","100,41","","","","","","Généralement dégagé"
"1980-02-15 02:00","1980","02","15","02:00"," ","","","","","","","","","","","","","","","","","","",""
"1980-02-15 03:00","1980","02","15","03:00"," ","","","","","","","","","","","","","","","","","","",""
"1980-02-15 04:00","1980","02","15","04:00"," ","1,40","","-6,10","","57,00","","8,00","","17,00","","32,20","","100,51","","","","","","Généralement dégagé"
"1980-02-15 05:00","1980","02","15","05:00"," ","","","","","","","","","","","","","","","","","","",""
"1980-02-15 06:00","1980","02","15","06:00"," ","1,00","","-4,20","","68,00","","6,00","","15,00","","32,20","","100,58","","","","","","Généralement dégagé"
"1980-02-15 07:00","1980","02","15","07:00"," ","0,80","","-6,20","","59,00","","6,00","","15,00","","32,20","","100,64","","","","","","Généralement dégagé"
"1980-02-15 08:00","1980","02","15","08:00"," ","0,80","","-6,20","","59,00","","3,00","","7,00","","32,20","","100,71","","","","","","Dégagé"
"1980-02-15 09:00","1980","02","15","09:00"," ","2,30","","-8,20","","46,00","","6,00","","15,00","","32,20","","100,74","","","","","","Dégagé"
"1980-02-15 10:00","1980","02","15","10:00"," ","3,90","","-8,20","","41,00","","4,00","","19,00","","32,20","","100,81","","","","","","Dégagé"
"1980-02-15 11:00","1980","02","15","11:00"," ","4,40","","-8,20","","39,00","","4,00","","9,00","","32,20","","100,85","","","","","","Dégagé"
"1980-02-15 12:00","1980","02","15","12:00"," ","5,50","","-8,20","","36,00","","4,00","","6,00","","32,20","","100,85","","","","","","Dégagé"
"1980-02-15 13:00","1980","02","15","13:00"," ","6,60","","-7,20","","36,00","","7,00","","13,00","","32,20","","100,85","","","","","","Dégagé"
"1980-02-15 14:00","1980","02","15","14:00"," ","7,00","","-7,10","","36,00","","4,00","","6,00","","32,20","","100,81","","","","","","Généralement dégagé"
"1980-02-15 15:00","1980","02","15","15:00"," ","7,60","","-6,30","","37,00","","9,00","","9,00","","32,20","","100,81","","","","","","Généralement dégagé"
"1980-02-15 16:00","1980","02","15","16:00"," ","6,50","","-7,20","","37,00","","6,00","","13,00","","32,20","","100,81","","","","","","Généralement dégagé"
"1980-02-15 17:00","1980","02","15","17:00"," ","5,20","","-7,40","","40,00","","6,00","","19,00","","32,20","","100,81","","","","","","Généralement nuageux"
"1980-02-15 18:00","1980","02","15","18:00"," ","3,80","","-5,10","","52,00","","5,00","","15,00","","32,20","","100,85","","","","","","Généralement dégagé"
"1980-02-15 19:00","1980","02","15","19:00"," ","3,00","","-6,50","","50,00","","5,00","","9,00","","32,20","","100,85","","","","","","Généralement dégagé"
"1980-02-15 20:00","1980","02","15","20:00"," ","3,00","","-6,50","","50,00","","7,00","","15,00","","32,20","","100,85","","","","","","Généralement dégagé"
"1980-02-15 21:00","1980","02","15","21:00"," ","3,20","","-5,10","","54,00","","8,00","","13,00","","32,20","","100,81","","","","","","Généralement dégagé"
"1980-02-15 22:00","1980","02","15","22:00"," ","3,60","","-5,70","","50,00","","8,00","","13,00","","32,20","","100,78","","","","","","Généralement nuageux"
"1980-02-15 23:00","1980","02","15","23:00"," ","","","","","","","","","","","","","","","","","","",""
"1980-02-16 00:00","1980","02","16","00:00"," ","","","","","","","","","","","","","","","","","","",""
"1980-02-16 01:00","1980","02","16","01:00"," ","3,50","","-2,00","","67,00","","9,00","","9,00","","19,30","","100,71","","","","","","Pluie"
"1980-02-16 02:00","1980","02","16","02:00"," ","","","","","","","","","","","","","","","","","","",""
"1980-02-16 03:00","1980","02","16","03:00"," ","","","","","","","","","","","","","","","","","","",""
"1980-02-16 04:00","1980","02","16","04:00"," ","3,30","","2,20","","93,00","","8,00","","13,00","","16,10","","100,51","","","","","","Pluie"
"1980-02-16 05:00","1980","02","16","05:00"," ","","","","","","","","","","","","","","","","","","",""
"1980-02-16 06:00","1980","02","16","06:00"," ","3,50","","2,60","","94,00","","9,00","","7,00","","16,10","","100,44","","","","","","Pluie"
"1980-02-16 07:00","1980","02","16","07:00"," ","3,80","","3,10","","95,00","","8,00","","7,00","","16,10","","100,44","","","","","","Pluie"
"1980-02-16 08:00","1980","02","16","08:00"," ","4,10","","2,70","","91,00","","14,00","","7,00","","16,10","","100,47","","","","","","Pluie"
"1980-02-16 09:00","1980","02","16","09:00"," ","3,90","","3,10","","95,00","","14,00","","4,00","","16,10","","100,47","","","","","","Pluie"
"1980-02-16 10:00","1980","02","16","10:00"," ","4,50","","4,10","","97,00","","0,00","","0,00","","19,30","","100,44","","","","","","Nuageux"
"1980-02-16 11:00","1980","02","16","11:00"," ","6,00","","4,30","","89,00","","7,00","","6,00","","19,30","","100,37","","","","","","Nuageux"
"1980-02-16 12:00","1980","02","16","12:00"," ","6,70","","4,40","","85,00","","7,00","","4,00","","24,10","","100,31","","","","","","Nuageux"
"1980-02-16 13:00","1980","02","16","13:00"," ","6,60","","4,90","","89,00","","16,00","","6,00","","24,10","","100,17","","","","","","Nuageux"
"1980-02-16 14:00","1980","02","16","14:00"," ","5,90","","3,90","","87,00","","16,00","","15,00","","32,20","","100,07","","","","","","Nuageux"
"1980-02-16 15:00","1980","02","16","15:00"," ","6,40","","4,90","","90,00","","17,00","","6,00","","32,20","","100,00","","","","","","Nuageux"
"1980-02-16 16:00","1980","02","16","16:00"," ","6,70","","2,10","","72,00","","0,00","","0,00","","32,20","","99,90","","","","","","Nuageux"
"1980-02-16 17:00","1980","02","16","17:00"," ","7,10","","5,00","","86,00","","0,00","","0,00","","32,20","","99,83","","","","","","Nuageux"
"1980-02-16 18:00","1980","02","16","18:00"," ","6,70","","4,00","","83,00","","0,00","","0,00","","32,20","","99,73","","","","","","Nuageux"
"1980-02-16 19:00","1980","02","16","19:00"," ","6,20","","4,30","","87,00","","5,00","","6,00","","32,20","","99,63","","","","","","Nuageux"
"1980-02-16 20:00","1980","02","16","20:00"," ","5,50","","4,20","","91,00","","8,00","","6,00","","32,20","","99,53","","","","","","Généralement nuageux"
"1980-02-16 21:00","1980","02","16","21:00"," ","5,30","","4,20","","93,00","","0,00","","0,00","","32,20","","99,49","","","","","","Généralement dégagé"
"1980-02-16 22:00","1980","02","16","22:00"," ","5,00","","4,20","","95,00","","0,00","","0,00","","32,20","","99,49","","","","","","Généralement dégagé"
"1980-02-16 23:00","1980","02","16","23:00"," ","","","","","","","","","","","","","","","","","","",""
"1980-02-17 00:00","1980","02","17","00:00"," ","","","","","","","","","","","","","","","","","","",""
"1980-02-17 01:00","1980","02","17","01:00"," ","5,00","","4,20","","95,00","","21,00","","6,00","","24,10","","99,26","","","","","","Nuageux"
"1980-02-17 02:00","1980","02","17","02:00"," ","","","","","","","","","","","","","","","","","","",""
"1980-02-17 03:00","1980","02","17","03:00"," ","","","","","","","","","","","","","","","","","","",""
"1980-02-17 04:00","1980","02","17","04:00"," ","3,40","","2,60","","95,00","","0,00","","0,00","","24,10","","99,02","","","","","","Nuageux"
"1980-02-17 05:00","1980","02","17","05:00"," ","3,80","","3,10","","95,00","","0,00","","0,00","","24,10","","98,95","","","","","","Nuageux"
"1980-02-17 06:00","1980","02","17","06:00"," ","3,30","","3,10","","99,00","","0,00","","0,00","","24,10","","98,95","","","","","","Nuageux"
"1980-02-17 07:00","1980","02","17","07:00"," ","4,20","","3,10","","92,00","","16,00","","7,00","","24,10","","98,95","","","","","","Généralement nuageux"
"1980-02-17 08:00","1980","02","17","08:00"," ","3,80","","3,10","","95,00","","0,00","","0,00","","24,10","","98,95","","","","","","Généralement nuageux"
"1980-02-17 09:00","1980","02","17","09:00"," ","5,20","","3,70","","90,00","","12,00","","7,00","","24,10","","98,95","","","","","","Nuageux"
"1980-02-17 10:00","1980","02","17","10:00"," ","6,40","","4,40","","87,00","","0,00","","0,00","","24,10","","98,88","","","","","","Généralement nuageux"
"1980-02-17 11:00","1980","02","17","11:00"," ","8,50","","6,10","","85,00","","10,00","","7,00","","24,10","","98,85","","","","","","Généralement nuageux"
"1980-02-17 12:00","1980","02","17","12:00"," ","8,20","","6,80","","91,00","","16,00","","7,00","","24,10","","98,78","","","","","","Nuageux"
"1980-02-17 13:00","1980","02","17","13:00"," ","8,30","","5,30","","81,00","","14,00","","13,00","","24,10","","98,68","","","","","","Nuageux"
"1980-02-17 14:00","1980","02","17","14:00"," ","8,50","","7,40","","93,00","","14,00","","19,00","","24,10","","98,58","","","","","","Nuageux"
"1980-02-17 15:00","1980","02","17","15:00"," ","7,50","","5,50","","87,00","","15,00","","22,00","","16,10","","98,51","","","","","","Nuageux"
"1980-02-17 16:00","1980","02","17","16:00"," ","9,30","","7,20","","87,00","","9,00","","6,00","","16,10","","98,41","","","","","","Pluie"
"1980-02-17 17:00","1980","02","17","17:00"," ","8,90","","7,10","","89,00","","8,00","","15,00","","16,10","","98,34","","","","","","Nuageux"
"1980-02-17 18:00","1980","02","17","18:00"," ","9,00","","7,50","","90,00","","8,00","","9,00","","12,90","","98,28","","","","","","Nuageux"
"1980-02-17 19:00","1980","02","17","19:00"," ","9,10","","7,50","","90,00","","8,00","","19,00","","12,90","","98,24","","","","","","Pluie"
"1980-02-17 20:00","1980","02","17","20:00"," ","9,10","","7,50","","90,00","","8,00","","19,00","","9,70","","98,21","","","","","","Pluie,Brouillard"
"1980-02-17 21:00","1980","02","17","21:00"," ","8,50","","7,40","","93,00","","9,00","","15,00","","9,70","","98,17","","","","","","Pluie,Brouillard"
"1980-02-17 22:00","1980","02","17","22:00"," ","8,80","","7,90","","94,00","","6,00","","6,00","","9,70","","98,11","","","","","","Pluie,Brouillard"
"1980-02-17 23:00","1980","02","17","23:00"," ","","","","","","","","","","","","","","","","","","",""
"1980-02-18 00:00","1980","02","18","00:00"," ","","","","","","","","","","","","","","","","","","",""
"1980-02-18 01:00","1980","02","18","01:00"," ","8,30","","7,70","","96,00","","6,00","","9,00","","6,40","","97,90","","","","","","Pluie,Brouillard"
"1980-02-18 02:00","1980","02","18","02:00"," ","","","","","","","","","","","","","","","","","","",""
"1980-02-18 03:00","1980","02","18","03:00"," ","","","","","","","","","","","","","","","","","","",""
"1980-02-18 04:00","1980","02","18","04:00"," ","8,30","","7,00","","92,00","","9,00","","11,00","","16,10","","97,63","","","","","","Nuageux"
"1980-02-18 05:00","1980","02","18","05:00"," ","8,70","","7,00","","89,00","","6,00","","15,00","","16,10","","97,57","","","","","","Nuageux"
"1980-02-18 06:00","1980","02","18","06:00"," ","9,10","","7,50","","90,00","","6,00","","15,00","","12,90","","97,50","","","","","","Pluie"
"1980-02-18 07:00","1980","02","18","07:00"," ","8,90","","7,90","","93,00","","9,00","","15,00","","16,10","","97,46","","","","","","Pluie"
"1980-02-18 08:00","1980","02","18","08:00"," ","8,70","","7,00","","89,00","","6,00","","17,00","","16,10","","97,43","","","","","","Pluie"
"1980-02-18 09:00","1980","02","18","09:00"," ","8,80","","7,10","","89,00","","9,00","","19,00","","16,10","","97,43","","","","","","Pluie"
"1980-02-18 10:00","1980","02","18","10:00"," ","9,00","","6,70","","86,00","","9,00","","17,00","","12,90","","97,43","","","","","","Pluie"
"1980-02-18 11:00","1980","02","18","11:00"," ","8,50","","7,40","","93,00","","9,00","","22,00","","4,80","","97,46","","","","","","Pluie,Brouillard"
"1980-02-18 12:00","1980","02","18","12:00"," ","8,80","","8,30","","97,00","","12,00","","26,00","","1,60","","97,53","","","","","","Pluie modérée,Brouillard"
"1980-02-18 13:00","1980","02","18","13:00"," ","8,50","","8,10","","97,00","","14,00","","26,00","","1,20","","97,63","","","","","","Pluie modérée,Brouillard"
"1980-02-18 14:00","1980","02","18","14:00"," ","8,30","","8,10","","99,00","","14,00","","22,00","","0,40","","97,74","","","","","","Pluie,Brouillard"
"1980-02-18 15:00","1980","02","18","15:00"," ","8,30","","7,70","","96,00","","15,00","","24,00","","0,80","","97,84","","","","","","Pluie,Brouillard"
"1980-02-18 16:00","1980","02","18","16:00"," ","8,10","","7,60","","97,00","","14,00","","15,00","","0,40","","97,90","","","","","","Pluie,Brouillard"
"1980-02-18 17:00","1980","02","18","17:00"," ","8,00","","7,60","","97,00","","14,00","","22,00","","0,40","","97,97","","","","","","Pluie,Brouillard"
"1980-02-18 18:00","1980","02","18","18:00"," ","8,00","","7,20","","95,00","","14,00","","13,00","","0,40","","98,07","","","","","","Pluie,Brouillard"
"1980-02-18 19:00","1980","02","18","19:00"," ","7,80","","7,60","","99,00","","21,00","","15,00","","0,40","","98,17","","","","","","Pluie,Brouillard"
"1980-02-18 20:00","1980","02","18","20:00"," ","8,00","","8,00","","100,00","","21,00","","13,00","","0,40","","98,24","","","","","","Bruine,Brouillard"
"1980-02-18 21:00","1980","02","18","21:00"," ","8,00","","7,20","","95,00","","21,00","","15,00","","0,40","","98,38","","","","","","Pluie,Brouillard"
"1980-02-18 22:00","1980","02","18","22:00"," ","7,70","","6,70","","93,00","","26,00","","17,00","","0,80","","98,51","","","","","","Bruine,Brouillard"
"1980-02-18 23:00","1980","02","18","23:00"," ","","","","","","","","","","","","","","","","","","",""
"1980-02-19 00:00","1980","02","19","00:00"," ","","","","","","","","","","","","","","","","","","",""
"1980-02-19 01:00","1980","02","19","01:00"," ","6,60","","5,70","","94,00","","26,00","","13,00","","1,60","","98,85","","","","","","Pluie,Brouillard"
"1980-02-19 02:00","1980","02","19","02:00"," ","","","","","","","","","","","","","","","","","","",""
"1980-02-19 03:00","1980","02","19","03:00"," ","","","","","","","","","","","","","","","","","","",""
"1980-02-19 04:00","1980","02","19","04:00"," ","6,20","","5,20","","93,00","","0,00","","0,00","","16,10","","99,05","","","","","","Nuageux"
"1980-02-19 05:00","1980","02","19","05:00"," ","","","","","","","","","","","","","","","","","","",""
"1980-02-19 06:00","1980","02","19","06:00"," ","5,70","","4,70","","93,00","","30,00","","6,00","","12,90","","99,19","","","","","","Nuageux"
"1980-02-19 07:00","1980","02","19","07:00"," ","5,50","","5,10","","97,00","","0,00","","0,00","","12,90","","99,26","","","","","","Nuageux"
"1980-02-19 08:00","1980","02","19","08:00"," ","5,20","","4,60","","96,00","","0,00","","0,00","","16,10","","99,32","","","","","","Nuageux"
"1980-02-19 09:00","1980","02","19","09:00"," ","5,60","","4,20","","91,00","","32,00","","7,00","","24,10","","99,36","","","","","","Nuageux"
"1980-02-19 10:00","1980","02","19","10:00"," ","6,20","","4,30","","87,00","","32,00","","6,00","","24,10","","99,36","","","","","","Nuageux"
"1980-02-19 11:00","1980","02","19","11:00"," ","7,30","","4,60","","83,00","","28,00","","7,00","","24,10","","99,32","","","","","","Nuageux"
"1980-02-19 12:00","1980","02","19","12:00"," ","7,40","","4,20","","80,00","","29,00","","11,00","","24,10","","99,32","","","","","","Nuageux"
"1980-02-19 13:00","1980","02","19","13:00"," ","7,30","","3,30","","76,00","","30,00","","9,00","","24,10","","99,32","","","","","","Nuageux"
"1980-02-19 14:00","1980","02","19","14:00"," ","7,60","","4,60","","81,00","","27,00","","11,00","","32,20","","99,29","","","","","","Généralement nuageux"
"1980-02-19 15:00","1980","02","19","15:00"," ","7,40","","5,10","","85,00","","32,00","","11,00","","32,20","","99,26","","","","","","Généralement nuageux"
"1980-02-19 16:00","1980","02","19","16:00"," ","7,50","","2,80","","72,00","","32,00","","11,00","","32,20","","99,22","","","","","","Généralement nuageux"
"1980-02-19 17:00","1980","02","19","17:00"," ","7,00","","3,60","","79,00","","32,00","","7,00","","32,20","","99,22","","","","","","Généralement dégagé"
"1980-02-19 18:00","1980","02","19","18:00"," ","5,80","","3,40","","85,00","","27,00","","7,00","","32,20","","99,22","","","","","","Généralement nuageux"
"1980-02-19 19:00","1980","02","19","19:00"," ","5,10","","3,30","","88,00","","32,00","","7,00","","32,20","","99,22","","","","","","Généralement dégagé"
"1980-02-19 20:00","1980","02","19","20:00"," ","4,40","","2,70","","89,00","","32,00","","7,00","","32,20","","99,26","","","","","","Généralement dégagé"
"1980-02-19 21:00","1980","02","19","21:00"," ","4,70","","3,20","","90,00","","32,00","","6,00","","32,20","","99,29","","","","","","Nuageux"
"1980-02-19 22:00","1980","02","19","22:00"," ","3,80","","3,60","","99,00","","0,00","","0,00","","32,20","","99,29","","","","","","Généralement dégagé"
"1980-02-19 23:00","1980","02","19","23:00"," ","","","","","","","","","","","","","","","","","","",""
"1980-02-20 00:00","1980","02","20","00:00"," ","","","","","","","","","","","","","","","","","","",""
"1980-02-20 01:00","1980","02","20","01:00"," ","4,20","","3,60","","96,00","","33,00","","6,00","","24,10","","99,63","","","","","","Nuageux"
"1980-02-20 02:00","1980","02","20","02:00"," ","","","","","","","","","","","","","","","","","","",""
"1980-02-20 03:00","1980","02","20","03:00"," ","","","","","","","","","","","","","","","","","","",""
"1980-02-20 04:00","1980","02","20","04:00"," ","5,00","","3,70","","91,00","","0,00","","0,00","","16,10","","99,39","","","","","","Averses de pluie"
"1980-02-20 05:00","1980","02","20","05:00"," ","","","","","","","","","","","","","","","","","","",""
"1980-02-20 06:00","1980","02","20","06:00"," ","4,30","","3,60","","95,00","","0,00","","0,00","","16,10","","99,49","","","","","","Nuageux"
"1980-02-20 07:00","1980","02","20","07:00"," ","4,80","","4,20","","96,00","","0,00","","0,00","","8,00","","99,56","","","","","","Brouillard"
"1980-02-20 08:00","1980","02","20","08:00"," ","5,00","","3,70","","91,00","","27,00","","4,00","","8,00","","99,66","","","","","","Averses de pluie,Brouillard"
"1980-02-20 09:00","1980","02","20","09:00"," ","4,80","","3,70","","93,00","","0,00","","0,00","","12,90","","99,73","","","","","","Nuageux"
"1980-02-20 10:00","1980","02","20","10:00"," ","5,00","","4,20","","95,00","","0,00","","0,00","","16,10","","99,80","","","","","","Nuageux"
"1980-02-20 11:00","1980","02","20","11:00"," ","5,40","","3,80","","89,00","","25,00","","6,00","","9,70","","99,87","","","","","","Averses de pluie"
"1980-02-20 12:00","1980","02","20","12:00"," ","5,60","","3,40","","86,00","","0,00","","0,00","","12,90","","99,97","","","","","","Nuageux"
"1980-02-20 13:00","1980","02","20","13:00"," ","5,90","","3,40","","84,00","","31,00","","4,00","","12,90","","99,97","","","","","","Nuageux"
"1980-02-20 14:00","1980","02","20","14:00"," ","6,70","","3,50","","80,00","","26,00","","6,00","","16,10","","100,03","","","","","","Généralement nuageux"
"1980-02-20 15:00","1980","02","20","15:00"," ","7,00","","3,20","","77,00","","28,00","","11,00","","32,20","","100,10","","","","","","Nuageux"
"1980-02-20 16:00","1980","02","20","16:00"," ","7,30","","1,80","","68,00","","32,00","","11,00","","32,20","","100,14","","","","","","Généralement nuageux"
"1980-02-20 17:00","1980","02","20","17:00"," ","6,60","","-0,10","","62,00","","32,00","","4,00","","32,20","","100,17","","","","","","Généralement nuageux"
"1980-02-20 18:00","1980","02","20","18:00"," ","4,70","","2,70","","87,00","","0,00","","0,00","","32,20","","100,27","","","","","","Généralement nuageux"
"1980-02-20 19:00","1980","02","20","19:00"," ","3,20","","1,60","","89,00","","0,00","","0,00","","32,20","","100,20","","","","","","Généralement dégagé"
"1980-02-20 20:00","1980","02","20","20:00"," ","3,70","","2,60","","92,00","","3,00","","7,00","","32,20","","100,31","","","","","","Généralement dégagé"
"1980-02-20 21:00","1980","02","20","21:00"," ","2,10","","1,10","","93,00","","0,00","","0,00","","32,20","","100,31","","","","","","Dégagé"
"1980-02-20 22:00","1980","02","20","22:00"," ","1,20","","0,50","","95,00","","0,00","","0,00","","32,20","","100,37","","","","","","Dégagé"
"1980-02-20 23:00","1980","02","20","23:00"," ","","","","","","","","","","","","","","","","","","",""
"1980-02-21 00:00","1980","02","21","00:00"," ","","","","","","","","","","","","","","","","","","",""
"1980-02-21 01:00","1980","02","21","01:00"," ","0,80","","0,00","","95,00","","3,00","","7,00","","32,20","","100,37","","","","","","Dégagé"
"1980-02-21 02:00","1980","02","21","02:00"," ","","","","","","","","","","","","","","","","","","",""
"1980-02-21 03:00","1980","02","21","03:00"," ","","","","","","","","","","","","","","","","","","",""
"1980-02-21 04:00","1980","02","21","04:00"," ","-0,50","","-1,30","","94,00","","0,00","","0,00","","32,20","","100,37","","","","","","Dégagé"
"1980-02-21 05:00","1980","02","21","05:00"," ","","","","","","","","","","","","","","","","","","",""
"1980-02-21 06:00","1980","02","21","06:00"," ","-0,80","","-2,40","","89,00","","4,00","","6,00","","32,20","","100,44","","","","-3,00","","Dégagé"
"1980-02-21 07:00","1980","02","21","07:00"," ","0,40","","-0,90","","91,00","","33,00","","9,00","","32,20","","100,44","","","","","","Généralement dégagé"
"1980-02-21 08:00","1980","02","21","08:00"," ","0,30","","-0,90","","92,00","","4,00","","4,00","","32,20","","100,47","","","","","","Nuageux"
"1980-02-21 09:00","1980","02","21","09:00"," ","2,70","","1,10","","89,00","","0,00","","0,00","","32,20","","100,51","","","","","","Nuageux"
"1980-02-21 10:00","1980","02","21","10:00"," ","4,90","","1,90","","81,00","","0,00","","0,00","","32,20","","100,58","","","","","","Nuageux"
"1980-02-21 11:00","1980","02","21","11:00"," ","7,00","","1,20","","67,00","","5,00","","4,00","","32,20","","100,54","","","","","","Nuageux"
"1980-02-21 12:00","1980","02","21","12:00"," ","9,00","","3,60","","69,00","","20,00","","4,00","","32,20","","100,54","","","","","","Nuageux"
"1980-02-21 13:00","1980","02","21","13:00"," ","7,80","","1,90","","66,00","","20,00","","13,00","","32,20","","100,51","","","","","","Nuageux"
"1980-02-21 14:00","1980","02","21","14:00"," ","7,00","","2,20","","72,00","","20,00","","11,00","","32,20","","100,54","","","","","","Généralement nuageux"
"1980-02-21 15:00","1980","02","21","15:00"," ","7,30","","1,80","","68,00","","18,00","","7,00","","32,20","","100,54","","","","","","Généralement nuageux"
"1980-02-21 16:00","1980","02","21","16:00"," ","6,70","","1,10","","67,00","","0,00","","0,00","","32,20","","100,58","","","","","","Généralement nuageux"
"1980-02-21 17:00","1980","02","21","17:00"," ","6,80","","1,20","","68,00","","0,00","","0,00","","32,20","","100,61","","","","","","Généralement dégagé"
"1980-02-21 18:00","1980","02","21","18:00"," ","4,10","","2,20","","87,00","","0,00","","0,00","","32,20","","100,64","","","","","","Généralement dégagé"
"1980-02-21 19:00","1980","02","21","19:00"," ","2,30","","1,10","","92,00","","0,00","","0,00","","32,20","","100,68","","","","","","Généralement dégagé"
"1980-02-21 20:00","1980","02","21","20:00"," ","1,00","","0,00","","93,00","","0,00","","0,00","","32,20","","100,71","","","","","","Généralement dégagé"
"1980-02-21 21:00","1980","02","21","21:00"," ","2,40","","1,60","","95,00","","9,00","","11,00","","32,20","","100,71","","","","","","Généralement dégagé"
"1980-02-21 22:00","1980","02","21","22:00"," ","3,80","","2,70","","93,00","","4,00","","9,00","","32,20","","100,81","","","","","","Généralement nuageux"
"1980-02-21 23:00","1980","02","21","23:00"," ","","","","","","","","","","","","","","","","","","",""
"1980-02-22 00:00","1980","02","22","00:00"," ","","","","","","","","","","","","","","","","","","",""
"1980-02-22 01:00","1980","02","22","01:00"," ","0,50","","0,00","","96,00","","6,00","","6,00","","24,10","","100,88","","","","","","Généralement dégagé"
"1980-02-22 02:00","1980","02","22","02:00"," ","","","","","","","","","","","","","","","","","","",""
"1980-02-22 03:00","1980","02","22","03:00"," ","","","","","","","","","","","","","","","","","","",""
"1980-02-22 04:00","1980","02","22","04:00"," ","1,90","","0,60","","91,00","","7,00","","9,00","","24,10","","100,85","","","","","","Généralement nuageux"
"1980-02-22 05:00","1980","02","22","05:00"," ","","","","","","","","","","","","","","","","","","",""
"1980-02-22 06:00","1980","02","22","06:00"," ","0,80","","-0,50","","91,00","","0,00","","0,00","","24,10","","100,88","","","","","","Généralement dégagé"
"1980-02-22 07:00","1980","02","22","07:00"," ","-0,70","","-1,80","","93,00","","4,00","","9,00","","32,20","","100,91","","","","-4,00","","Généralement dégagé"
"1980-02-22 08:00","1980","02","22","08:00"," ","0,00","","-1,30","","91,00","","0,00","","0,00","","32,20","","100,98","","","","","","Généralement dégagé"
"1980-02-22 09:00","1980","02","22","09:00"," ","5,00","","0,40","","72,00","","4,00","","6,00","","32,20","","100,98","","","","","","Généralement dégagé"
"1980-02-22 10:00","1980","02","22","10:00"," ","7,30","","0,30","","61,00","","5,00","","4,00","","32,20","","101,05","","","","","","Généralement dégagé"
"1980-02-22 11:00","1980","02","22","11:00"," ","7,20","","0,70","","63,00","","19,00","","9,00","","32,20","","101,12","","","","","","Généralement dégagé"
"1980-02-22 12:00","1980","02","22","12:00"," ","8,00","","1,40","","63,00","","0,00","","0,00","","32,20","","101,15","","","","","","Généralement dégagé"
"1980-02-22 13:00","1980","02","22","13:00"," ","9,40","","2,30","","61,00","","19,00","","6,00","","32,20","","101,12","","","","","","Dégagé"
"1980-02-22 14:00","1980","02","22","14:00"," ","8,40","","2,50","","66,00","","0,00","","0,00","","32,20","","101,15","","","","","","Dégagé"
"1980-02-22 15:00","1980","02","22","15:00"," ","8,40","","4,00","","74,00","","0,00","","0,00","","32,20","","101,15","","","","","","Dégagé"
"1980-02-22 16:00","1980","02","22","16:00"," ","8,70","","3,00","","67,00","","0,00","","0,00","","32,20","","101,18","","","","","","Dégagé"
"1980-02-22 17:00","1980","02","22","17:00"," ","7,80","","3,90","","76,00","","0,00","","0,00","","32,20","","101,18","","","","","","Dégagé"
"1980-02-22 18:00","1980","02","22","18:00"," ","4,80","","3,70","","93,00","","0,00","","0,00","","32,20","","101,22","","","","","","Dégagé"
"1980-02-22 19:00","1980","02","22","19:00"," ","2,70","","1,80","","93,00","","0,00","","0,00","","32,20","","101,32","","","","","","Dégagé"
"1980-02-22 20:00","1980","02","22","20:00"," ","1,70","","0,50","","92,00","","0,00","","0,00","","32,20","","101,39","","","","","","Dégagé"
"1980-02-22 21:00","1980","02","22","21:00"," ","0,90","","0,50","","97,00","","0,00","","0,00","","32,20","","101,45","","","","","","Dégagé"
"1980-02-22 22:00","1980","02","22","22:00"," ","2,20","","1,10","","92,00","","2,00","","11,00","","32,20","","101,56","","","","","","Dégagé"
"1980-02-22 23:00","1980","02","22","23:00"," ","","","","","","","","","","","","","","","","","","",""
"1980-02-23 00:00","1980","02","23","00:00"," ","","","","","","","","","","","","","","","","","","",""
"1980-02-23 01:00","1980","02","23","01:00"," ","2,20","","0,10","","86,00","","1,00","","9,00","","32,20","","101,66","","","","","","Dégagé"
"1980-02-23 02:00","1980","02","23","02:00"," ","","","","","","","","","","","","","","","","","","",""
"1980-02-23 03:00","1980","02","23","03:00"," ","","","","","","","","","","","","","","","","","","",""
"1980-02-23 04:00","1980","02","23","04:00"," ","0,10","","-0,20","","98,00","","0,00","","0,00","","32,20","","101,73","","","","","","Dégagé"
"1980-02-23 05:00","1980","02","23","05:00"," ","","","","","","","","","","","","","","","","","","",""
"1980-02-23 06:00","1980","02","23","06:00"," ","-0,50","","-1,30","","94,00","","6,00","","6,00","","32,20","","101,79","","","","-3,00","","Dégagé"
"1980-02-23 07:00","1980","02","23","07:00"," ","0,50","","-0,90","","90,00","","9,00","","9,00","","32,20","","101,79","","","","","","Dégagé"
"1980-02-23 08:00","1980","02","23","08:00"," ","0,00","","-0,50","","96,00","","8,00","","7,00","","32,20","","101,83","","","","-2,00","","Dégagé"
"1980-02-23 09:00","1980","02","23","09:00"," ","3,80","","1,70","","86,00","","9,00","","9,00","","32,20","","101,83","","","","","","Généralement dégagé"
"1980-02-23 10:00","1980","02","23","10:00"," ","8,40","","1,00","","60,00","","9,00","","7,00","","32,20","","101,83","","","","","","Généralement dégagé"
"1980-02-23 11:00","1980","02","23","11:00"," ","11,20","","-0,60","","44,00","","12,00","","22,00","","32,20","","101,83","","","","","","Généralement dégagé"
"1980-02-23 12:00","1980","02","23","12:00"," ","10,80","","3,20","","60,00","","18,00","","15,00","","32,20","","101,83","","","","","","Généralement dégagé"
"1980-02-23 13:00","1980","02","23","13:00"," ","10,20","","3,90","","65,00","","16,00","","22,00","","32,20","","101,83","","","","","","Généralement dégagé"
"1980-02-23 14:00","1980","02","23","14:00"," ","9,90","","5,30","","73,00","","15,00","","22,00","","32,20","","101,73","","","","","","Généralement dégagé"
"1980-02-23 15:00","1980","02","23","15:00"," ","10,00","","4,80","","70,00","","15,00","","15,00","","32,20","","101,69","","","","","","Généralement dégagé"
"1980-02-23 16:00","1980","02","23","16:00"," ","8,60","","5,70","","82,00","","13,00","","24,00","","32,20","","101,62","","","","","","Généralement dégagé"
"1980-02-23 17:00","1980","02","23","17:00"," ","7,80","","5,60","","86,00","","9,00","","15,00","","32,20","","101,56","","","","","","Généralement dégagé"
"1980-02-23 18:00","1980","02","23","18:00"," ","6,70","","4,00","","83,00","","9,00","","6,00","","32,20","","101,52","","","","","","Généralement dégagé"
"1980-02-23 19:00","1980","02","23","19:00"," ","7,30","","4,20","","81,00","","9,00","","11,00","","32,20","","101,49","","","","","","Nuageux"
"1980-02-23 20:00","1980","02","23","20:00"," ","9,30","","1,80","","59,00","","9,00","","15,00","","32,20","","101,35","","","","","","Généralement nuageux"
"1980-02-23 21:00","1980","02","23","21:00"," ","10,40","","1,00","","52,00","","9,00","","11,00","","32,20","","101,39","","","","","","Généralement nuageux"
"1980-02-23 22:00","1980","02","23","22:00"," ","11,00","","0,00","","47,00","","9,00","","30,00","","32,20","","101,39","","","","","","Généralement nuageux"
"1980-02-23 23:00","1980","02","23","23:00"," ","","","","","","","","","","","","","","","","","","",""
"1980-02-24 00:00","1980","02","24","00:00"," ","","","","","","","","","","","","","","","","","","",""
"1980-02-24 01:00","1980","02","24","01:00"," ","12,30","","-0,80","","40,00","","14,00","","22,00","","32,20","","101,25","","","","","","Généralement nuageux"
"1980-02-24 02:00","1980","02","24","02:00"," ","","","","","","","","","","","","","","","","","","",""
"1980-02-24 03:00","1980","02","24","03:00"," ","","","","","","","","","","","","","","","","","","",""
"1980-02-24 04:00","1980","02","24","04:00"," ","8,50","","4,00","","73,00","","9,00","","28,00","","16,10","","101,12","","","","","","Pluie"
"1980-02-24 05:00","1980","02","24","05:00"," ","","","","","","","","","","","","","","","","","","",""
"1980-02-24 06:00","1980","02","24","06:00"," ","7,40","","5,50","","88,00","","9,00","","19,00","","6,40","","101,12","","","","","","Pluie,Brouillard"
"1980-02-24 07:00","1980","02","24","07:00"," ","7,00","","5,40","","89,00","","9,00","","19,00","","9,70","","101,12","","","","","","Pluie,Brouillard"
"1980-02-24 08:00","1980","02","24","08:00"," ","7,00","","5,80","","92,00","","9,00","","19,00","","16,10","","101,12","","","","","","Pluie"
"1980-02-24 09:00","1980","02","24","09:00"," ","7,90","","6,00","","88,00","","12,00","","28,00","","6,40","","101,25","","","","","","Pluie,Brouillard"
"1980-02-24 10:00","1980","02","24","10:00"," ","8,50","","7,70","","95,00","","15,00","","19,00","","1,60","","101,42","","","","","","Pluie modérée,Brouillard"
"1980-02-24 11:00","1980","02","24","11:00"," ","8,40","","8,10","","98,00","","14,00","","19,00","","0,80","","101,59","","","","","","Pluie,Brouillard"
"1980-02-24 12:00","1980","02","24","12:00"," ","8,70","","7,70","","93,00","","14,00","","19,00","","1,20","","101,62","","","","","","Brouillard"
"1980-02-24 13:00","1980","02","24","13:00"," ","9,00","","7,90","","93,00","","14,00","","19,00","","3,20","","101,66","","","","","","Brouillard"
"1980-02-24 14:00","1980","02","24","14:00"," ","9,60","","8,40","","92,00","","15,00","","17,00","","3,20","","101,69","","","","","","Brouillard"
"1980-02-24 15:00","1980","02","24","15:00"," ","9,50","","8,00","","90,00","","15,00","","20,00","","4,80","","101,73","","","","","","Brouillard"
"1980-02-24 16:00","1980","02","24","16:00"," ","10,00","","8,10","","88,00","","14,00","","7,00","","8,00","","101,73","","","","","","Brouillard"
"1980-02-24 17:00","1980","02","24","17:00"," ","10,30","","8,30","","87,00","","9,00","","19,00","","24,10","","101,69","","","","","","Généralement nuageux"
"1980-02-24 18:00","1980","02","24","18:00"," ","9,60","","7,60","","87,00","","7,00","","6,00","","24,10","","101,69","","","","","","Généralement nuageux"
"1980-02-24 19:00","1980","02","24","19:00"," ","8,90","","7,50","","91,00","","6,00","","6,00","","24,10","","101,66","","","","","","Nuageux"
"1980-02-24 20:00","1980","02","24","20:00"," ","8,50","","7,00","","90,00","","7,00","","6,00","","32,20","","101,62","","","","","","Généralement nuageux"
"1980-02-24 21:00","1980","02","24","21:00"," ","8,80","","7,10","","89,00","","6,00","","4,00","","24,10","","101,56","","","","","","Nuageux"
"1980-02-24 22:00","1980","02","24","22:00"," ","9,60","","6,40","","80,00","","8,00","","11,00","","24,10","","101,49","","","","","","Nuageux"
"1980-02-24 23:00","1980","02","24","23:00"," ","","","","","","","","","","","","","","","","","","",""
"1980-02-25 00:00","1980","02","25","00:00"," ","","","","","","","","","","","","","","","","","","",""
"1980-02-25 01:00","1980","02","25","01:00"," ","11,00","","7,20","","78,00","","9,00","","11,00","","24,10","","101,42","","","","","","Pluie"
"1980-02-25 02:00","1980","02","25","02:00"," ","","","","","","","","","","","","","","","","","","",""
"1980-02-25 03:00","1980","02","25","03:00"," ","","","","","","","","","","","","","","","","","","",""
"1980-02-25 04:00","1980","02","25","04:00"," ","10,10","","8,50","","90,00","","13,00","","19,00","","16,10","","101,35","","","","","","Pluie"
"1980-02-25 05:00","1980","02","25","05:00"," ","","","","","","","","","","","","","","","","","","",""
"1980-02-25 06:00","1980","02","25","06:00"," ","9,50","","8,40","","93,00","","9,00","","28,00","","16,10","","101,32","","","","","","Pluie"
"1980-02-25 07:00","1980","02","25","07:00"," ","9,80","","8,50","","92,00","","9,00","","9,00","","16,10","","101,25","","","","","","Nuageux"
"1980-02-25 08:00","1980","02","25","08:00"," ","10,20","","8,10","","87,00","","9,00","","15,00","","24,10","","101,22","","","","","","Nuageux"
"1980-02-25 09:00","1980","02","25","09:00"," ","10,70","","8,70","","87,00","","9,00","","15,00","","24,10","","101,18","","","","","","Nuageux"
"1980-02-25 10:00","1980","02","25","10:00"," ","10,70","","9,00","","89,00","","9,00","","13,00","","24,10","","101,18","","","","","","Nuageux"
"1980-02-25 11:00","1980","02","25","11:00"," ","11,30","","9,70","","90,00","","9,00","","20,00","","19,30","","101,08","","","","","","Nuageux"
"1980-02-25 12:00","1980","02","25","12:00"," ","11,40","","10,40","","94,00","","9,00","","33,00","","16,10","","101,05","","","","","","Pluie"
"1980-02-25 13:00","1980","02","25","13:00"," ","11,90","","10,20","","90,00","","13,00","","35,00","","6,40","","100,98","","","","","","Pluie,Brouillard"
"1980-02-25 14:00","1980","02","25","14:00"," ","11,60","","10,40","","92,00","","15,00","","33,00","","3,20","","100,95","","","","","","Pluie modérée,Brouillard"
"1980-02-25 15:00","1980","02","25","15:00"," ","11,00","","9,90","","93,00","","14,00","","35,00","","3,20","","100,95","","","","","","Pluie modérée,Brouillard"
"1980-02-25 16:00","1980","02","25","16:00"," ","11,30","","10,40","","94,00","","14,00","","33,00","","3,20","","100,95","","","","","","Pluie,Brouillard"
"1980-02-25 17:00","1980","02","25","17:00"," ","10,90","","9,90","","94,00","","14,00","","26,00","","4,80","","100,91","","","","","","Pluie,Brouillard"
"1980-02-25 18:00","1980","02","25","18:00"," ","10,90","","9,90","","94,00","","14,00","","39,00","","4,80","","100,85","","","","","","Pluie,Brouillard"
"1980-02-25 19:00","1980","02","25","19:00"," ","10,70","","9,40","","91,00","","14,00","","15,00","","3,20","","100,81","","","","","","Pluie,Brouillard"
"1980-02-25 20:00","1980","02","25","20:00"," ","10,90","","10,30","","96,00","","7,00","","19,00","","3,20","","100,74","","","","","","Pluie,Brouillard"
"1980-02-25 21:00","1980","02","25","21:00"," ","11,20","","9,90","","91,00","","7,00","","15,00","","3,20","","100,71","","","","","","Pluie,Brouillard"
"1980-02-25 22:00","1980","02","25","22:00"," ","11,20","","9,90","","91,00","","10,00","","11,00","","6,40","","100,64","","","","","","Pluie,Brouillard"
"1980-02-25 23:00","1980","02","25","23:00"," ","","","","","","","","","","","","","","","","","","",""
"1980-02-26 00:00","1980","02","26","00:00"," ","","","","","","","","","","","","","","","","","","",""
"1980-02-26 01:00","1980","02","26","01:00"," ","11,30","","10,40","","94,00","","12,00","","28,00","","4,80","","100,47","","","","","","Pluie,Brouillard"
"1980-02-26 02:00","1980","02","26","02:00"," ","","","","","","","","","","","","","","","","","","",""
"1980-02-26 03:00","1980","02","26","03:00"," ","","","","","","","","","","","","","","","","","","",""
"1980-02-26 04:00","1980","02","26","04:00"," ","11,10","","9,90","","92,00","","13,00","","37,00","","4,80","","100,20","","","","","","Pluie modérée,Brouillard"
"1980-02-26 05:00","1980","02","26","05:00"," ","","","","","","","","","","","","","","","","","","",""
"1980-02-26 06:00","1980","02","26","06:00"," ","11,10","","9,80","","91,00","","14,00","","37,00","","4,80","","100,20","","","","","","Pluie modérée,Brouillard"
"1980-02-26 07:00","1980","02","26","07:00"," ","10,70","","9,80","","94,00","","14,00","","28,00","","4,80","","100,20","","","","","","Pluie modérée,Brouillard"
"1980-02-26 08:00","1980","02","26","08:00"," ","10,30","","9,40","","94,00","","14,00","","28,00","","1,20","","100,34","","","","","","Pluie,Brouillard"
"1980-02-26 09:00","1980","02","26","09:00"," ","10,30","","9,80","","97,00","","14,00","","19,00","","0,80","","100,51","","","","","","Bruine,Brouillard"
"1980-02-26 10:00","1980","02","26","10:00"," ","10,50","","10,10","","97,00","","9,00","","9,00","","0,80","","100,47","","","","","","Brouillard"
"1980-02-26 11:00","1980","02","26","11:00"," ","11,00","","10,30","","95,00","","12,00","","15,00","","0,80","","100,61","","","","","","Brouillard"
"1980-02-26 12:00","1980","02","26","12:00"," ","11,00","","10,30","","95,00","","9,00","","11,00","","0,80","","100,71","","","","","","Pluie,Brouillard"
"1980-02-26 13:00","1980","02","26","13:00"," ","11,30","","10,40","","94,00","","9,00","","15,00","","0,80","","100,64","","","","","","Pluie,Brouillard"
"1980-02-26 14:00","1980","02","26","14:00"," ","10,60","","9,80","","95,00","","9,00","","11,00","","0,80","","100,64","","","","","","Brouillard"
"1980-02-26 15:00","1980","02","26","15:00"," ","10,80","","9,90","","94,00","","15,00","","7,00","","1,20","","100,58","","","","","","Brouillard"
"1980-02-26 16:00","1980","02","26","16:00"," ","11,00","","10,30","","95,00","","19,00","","9,00","","4,80","","100,44","","","","","","Brouillard"
"1980-02-26 17:00","1980","02","26","17:00"," ","10,70","","8,70","","87,00","","10,00","","15,00","","12,90","","100,51","","","","","","Nuageux"
"1980-02-26 18:00","1980","02","26","18:00"," ","10,50","","7,50","","82,00","","9,00","","13,00","","12,90","","100,54","","","","","","Nuageux"
"1980-02-26 19:00","1980","02","26","19:00"," ","10,30","","7,50","","83,00","","0,00","","0,00","","24,10","","100,58","","","","","","Nuageux"
"1980-02-26 20:00","1980","02","26","20:00"," ","10,70","","7,90","","83,00","","16,00","","6,00","","1,60","","100,58","","","","","","Brouillard"
"1980-02-26 21:00","1980","02","26","21:00"," ","9,00","","7,90","","93,00","","0,00","","0,00","","1,60","","100,61","","","","","","Brouillard"
"1980-02-26 22:00","1980","02","26","22:00"," ","8,50","","8,50","","100,00","","0,00","","0,00","","0,80","","100,61","","","","","","Brouillard"
"1980-02-26 23:00","1980","02","26","23:00"," ","","","","","","","","","","","","","","","","","","",""
"1980-02-27 00:00","1980","02","27","00:00"," ","","","","","","","","","","","","","","","","","","",""
"1980-02-27 01:00","1980","02","27","01:00"," ","8,70","","7,70","","93,00","","0,00","","0,00","","0,40","","100,58","","","","","","Brouillard"
"1980-02-27 02:00","1980","02","27","02:00"," ","","","","","","","","","","","","","","","","","","",""
"1980-02-27 03:00","1980","02","27","03:00"," ","","","","","","","","","","","","","","","","","","",""
"1980-02-27 04:00","1980","02","27","04:00"," ","9,10","","8,30","","95,00","","3,00","","6,00","","0,40","","100,41","","","","","","Pluie,Brouillard"
"1980-02-27 05:00","1980","02","27","05:00"," ","","","","","","","","","","","","","","","","","","",""
"1980-02-27 06:00","1980","02","27","06:00"," ","10,20","","8,90","","91,00","","4,00","","6,00","","0,40","","100,27","","","","","","Pluie,Brouillard"
"1980-02-27 07:00","1980","02","27","07:00"," ","10,80","","9,20","","90,00","","9,00","","6,00","","1,60","","100,27","","","","","","Pluie,Brouillard"
"1980-02-27 08:00","1980","02","27","08:00"," ","11,40","","10,80","","96,00","","9,00","","30,00","","1,20","","100,31","","","","","","Pluie,Brouillard"
"1980-02-27 09:00","1980","02","27","09:00"," ","11,80","","11,30","","97,00","","9,00","","11,00","","1,20","","100,31","","","","","","Pluie,Brouillard"
"1980-02-27 10:00","1980","02","27","10:00"," ","11,70","","10,80","","94,00","","9,00","","22,00","","1,20","","100,37","","","","","","Pluie,Brouillard"
"1980-02-27 11:00","1980","02","27","11:00"," ","11,50","","10,40","","93,00","","14,00","","28,00","","1,20","","100,41","","","","","","Pluie,Brouillard"
"1980-02-27 12:00","1980","02","27","12:00"," ","11,30","","10,80","","97,00","","14,00","","37,00","","1,20","","100,41","","","","","","Pluie,Brouillard"
"1980-02-27 13:00","1980","02","27","13:00"," ","11,50","","10,80","","95,00","","9,00","","15,00","","1,20","","100,37","","","","","","Pluie,Brouillard"
"1980-02-27 14:00","1980","02","27","14:00"," ","11,20","","10,30","","94,00","","14,00","","17,00","","1,20","","100,37","","","","","","Pluie,Brouillard"
"1980-02-27 15:00","1980","02","27","15:00"," ","11,00","","10,30","","95,00","","14,00","","19,00","","1,20","","100,37","","","","","","Pluie,Brouillard"
"1980-02-27 16:00","1980","02","27","16:00"," ","10,80","","10,30","","97,00","","14,00","","15,00","","1,20","","100,34","","","","","","Pluie,Brouillard"
"1980-02-27 17:00","1980","02","27","17:00"," ","10,70","","9,80","","94,00","","14,00","","7,00","","1,20","","100,34","","","","","","Pluie,Brouillard"
"1980-02-27 18:00","1980","02","27","18:00"," ","10,50","","9,80","","95,00","","14,00","","15,00","","3,20","","100,37","","","","","","Pluie,Brouillard"
"1980-02-27 19:00","1980","02","27","19:00"," ","10,40","","9,80","","96,00","","14,00","","15,00","","4,80","","100,41","","","","","","Pluie,Brouillard"
"1980-02-27 20:00","1980","02","27","20:00"," ","10,30","","9,80","","97,00","","14,00","","13,00","","4,80","","100,37","","","","","","Pluie,Brouillard"
"1980-02-27 21:00","1980","02","27","21:00"," ","10,20","","9,30","","94,00","","14,00","","19,00","","4,80","","100,41","","","","","","Pluie,Brouillard"
"1980-02-27 22:00","1980","02","27","22:00"," ","10,20","","8,90","","91,00","","12,00","","15,00","","4,80","","100,34","","","","","","Pluie,Brouillard"
"1980-02-27 23:00","1980","02","27","23:00"," ","","","","","","","","","","","","","","","","","","",""
"1980-02-28 00:00","1980","02","28","00:00"," ","","","","","","","","","","","","","","","","","","",""
"1980-02-28 01:00","1980","02","28","01:00"," ","9,90","","8,90","","93,00","","0,00","","0,00","","4,80","","100,31","","","","","","Brouillard"
"1980-02-28 02:00","1980","02","28","02:00"," ","","","","","","","","","","","","","","","","","","",""
"1980-02-28 03:00","1980","02","28","03:00"," ","","","","","","","","","","","","","","","","","","",""
"1980-02-28 04:00","1980","02","28","04:00"," ","9,70","","8,40","","91,00","","14,00","","28,00","","9,70","","100,27","","","","","","Brouillard"
"1980-02-28 05:00","1980","02","28","05:00"," ","","","","","","","","","","","","","","","","","","",""
"1980-02-28 06:00","1980","02","28","06:00"," ","9,20","","7,90","","91,00","","14,00","","33,00","","12,90","","100,31","","","","","","Nuageux"
"1980-02-28 07:00","1980","02","28","07:00"," ","9,00","","7,90","","93,00","","14,00","","33,00","","1,60","","100,31","","","","","","Pluie,Brouillard"
"1980-02-28 08:00","1980","02","28","08:00"," ","8,60","","7,70","","94,00","","14,00","","46,00","","1,20","","100,41","","","","","","Pluie modérée,Brouillard"
"1980-02-28 09:00","1980","02","28","09:00"," ","8,30","","7,40","","94,00","","14,00","","33,00","","1,60","","100,51","","","","","","Pluie,Brouillard"
"1980-02-28 10:00","1980","02","28","10:00"," ","8,40","","7,40","","93,00","","14,00","","22,00","","4,80","","100,60","","","","","","Averses de pluie,Brouillard"
"1980-02-28 11:00","1980","02","28","11:00"," ","7,80","","6,80","","93,00","","14,00","","17,00","","6,40","","100,71","","","","","","Brouillard"
"1980-02-28 12:00","1980","02","28","12:00"," ","9,00","","7,10","","88,00","","14,00","","24,00","","11,30","","100,78","","","","","","Généralement nuageux"
"1980-02-28 13:00","1980","02","28","13:00"," ","9,00","","7,10","","88,00","","17,00","","24,00","","12,90","","100,85","","","","","","Nuageux"
"1980-02-28 14:00","1980","02","28","14:00"," ","8,60","","6,10","","84,00","","18,00","","28,00","","12,90","","100,95","","","","","","Averses de pluie"
"1980-02-28 15:00","1980","02","28","15:00"," ","8,60","","7,00","","90,00","","21,00","","17,00","","6,40","","101,02","","","","","","Averses de pluie"
"1980-02-28 16:00","1980","02","28","16:00"," ","7,80","","6,80","","93,00","","18,00","","19,00","","9,70","","101,12","","","","","","Averses de pluie"
"1980-02-28 17:00","1980","02","28","17:00"," ","7,80","","6,40","","91,00","","18,00","","15,00","","12,90","","101,18","","","","","","Nuageux"
"1980-02-28 18:00","1980","02","28","18:00"," ","7,60","","6,30","","91,00","","17,00","","19,00","","12,90","","101,25","","","","","","Averses de pluie"
"1980-02-28 19:00","1980","02","28","19:00"," ","7,00","","5,80","","92,00","","0,00","","0,00","","12,90","","101,35","","","","","","Généralement nuageux"
"1980-02-28 20:00","1980","02","28","20:00"," ","8,40","","7,00","","91,00","","16,00","","19,00","","12,90","","101,39","","","","","","Généralement nuageux"
"1980-02-28 21:00","1980","02","28","21:00"," ","8,40","","7,00","","91,00","","15,00","","19,00","","16,10","","101,45","","","","","","Nuageux"
"1980-02-28 22:00","1980","02","28","22:00"," ","8,00","","6,80","","92,00","","15,00","","15,00","","16,10","","101,49","","","","","","Généralement nuageux"
"1980-02-28 23:00","1980","02","28","23:00"," ","","","","","","","","","","","","","","","","","","",""
"1980-02-29 00:00","1980","02","29","00:00"," ","","","","","","","","","","","","","","","","","","",""
"1980-02-29 01:00","1980","02","29","01:00"," ","6,80","","6,20","","96,00","","9,00","","7,00","","8,00","","101,73","","","","","","Brouillard"
"1980-02-29 02:00","1980","02","29","02:00"," ","","","","","","","","","","","","","","","","","","",""
"1980-02-29 03:00","1980","02","29","03:00"," ","","","","","","","","","","","","","","","","","","",""
"1980-02-29 04:00","1980","02","29","04:00"," ","7,20","","6,20","","93,00","","12,00","","13,00","","12,90","","101,76","","","","","","Généralement nuageux"
"1980-02-29 05:00","1980","02","29","05:00"," ","","","","","","","","","","","","","","","","","","",""
"1980-02-29 06:00","1980","02","29","06:00"," ","7,20","","5,80","","91,00","","9,00","","7,00","","16,10","","101,83","","","","","","Nuageux"
"1980-02-29 07:00","1980","02","29","07:00"," ","6,80","","6,20","","96,00","","8,00","","11,00","","16,10","","101,83","","","","","","Nuageux"
"1980-02-29 08:00","1980","02","29","08:00"," ","7,10","","5,80","","91,00","","9,00","","11,00","","16,10","","101,83","","","","","","Nuageux"
"1980-02-29 09:00","1980","02","29","09:00"," ","7,30","","6,20","","93,00","","9,00","","15,00","","1,60","","101,89","","","","","","Pluie,Brouillard"
"1980-02-29 10:00","1980","02","29","10:00"," ","7,30","","6,30","","93,00","","8,00","","15,00","","1,60","","101,93","","","","","","Pluie,Brouillard"
"1980-02-29 11:00","1980","02","29","11:00"," ","7,60","","6,70","","94,00","","9,00","","13,00","","11,30","","101,93","","","","","","Pluie"
"1980-02-29 12:00","1980","02","29","12:00"," ","8,00","","6,40","","90,00","","9,00","","7,00","","24,10","","101,93","","","","","","Nuageux"
"1980-02-29 13:00","1980","02","29","13:00"," ","8,00","","6,80","","92,00","","9,00","","9,00","","24,10","","101,89","","","","","","Pluie"
"1980-02-29 14:00","1980","02","29","14:00"," ","8,10","","6,40","","89,00","","12,00","","6,00","","12,90","","101,89","","","","","","Pluie"
"1980-02-29 15:00","1980","02","29","15:00"," ","8,10","","6,40","","89,00","","9,00","","9,00","","12,90","","101,79","","","","","","Pluie"
"1980-02-29 16:00","1980","02","29","16:00"," ","8,10","","6,80","","91,00","","8,00","","9,00","","19,30","","101,76","","","","","","Nuageux"
"1980-02-29 17:00","1980","02","29","17:00"," ","8,30","","7,00","","92,00","","9,00","","9,00","","24,10","","101,69","","","","","","Nuageux"
"1980-02-29 18:00","1980","02","29","18:00"," ","8,20","","6,00","","86,00","","9,00","","19,00","","24,10","","101,66","","","","","","Nuageux"
"1980-02-29 19:00","1980","02","29","19:00"," ","8,40","","7,40","","93,00","","9,00","","7,00","","24,10","","101,62","","","","","","Nuageux"
"1980-02-29 20:00","1980","02","29","20:00"," ","8,30","","5,70","","84,00","","9,00","","9,00","","24,10","","101,62","","","","","","Généralement nuageux"
"1980-02-29 21:00","1980","02","29","21:00"," ","9,00","","4,50","","73,00","","9,00","","7,00","","24,10","","101,62","","","","","","Nuageux"
"1980-02-29 22:00","1980","02","29","22:00"," ","8,10","","5,60","","84,00","","9,00","","9,00","","16,10","","101,62","","","","","","Averses de pluie"
"1980-02-29 23:00","1980","02","29","23:00"," ","","","","","","","","","","","","","","","","","","",""
