"Nom de la Station","EUREKA"
"Province","NUNAVUT"
"Latitude","79,98"
"Longitude","-85,93"
"Altitude","10,40"
"Identification Climat","2401200"
"Identification OMM","71917"
"Identification TC","WEU"
"Toutes les heures sont exprimées en heure normale locale (HNL). Pour convertir l'heure locale en heure avancée de l'Est (HAE), ajoutez 1 heure s'il y a lieu."

"Légende"
"M","Données Manquantes"
"E","Valeur Estimée"
"ND","Non Disponible"
"**","Données fournies par un partenaire, non assujetties à un révision par les Archives climatiques nationales du Canada"

"Date/Heure","Année","Mois","Jour","Heure","Qualité des Données","Temp (°C)","Temp Indicateur","Point de rosée (°C)","Point de rosée Indicateur","Hum. rel (%)","Hum. rel. Indicateur","Dir. du vent (10s deg)","Dir. du vent Indicateur","Vit. du vent (km/h)","Vit. du vent Indicateur","Visibilité (km)","Visibilité Indicateur","Pression à la station (kPa)","Pression à la station Indicateur","Hmdx","Hmdx Indicateur","Refroid. éolien","Refroid. éolien Indicateur","Temps"
"1977-04-01 00:00","1977","04","01","00:00"," ","","","","","","","0,00","","0,00","","","","","","","","","","ND"
"1977-04-01 01:00","1977","04","01","01:00"," ","-31,50","","-32,90","","87,00","","0,00","","0,00","","24,10","","100,79","","","","","","Nuageux"
"1977-04-01 02:00","1977","04","01","02:00"," ","","","","","","","0,00","","0,00","","","","","","","","","","ND"
"1977-04-01 03:00","1977","04","01","03:00"," ","","","","","","","0,00","","0,00","","","","","","","","","","ND"
"1977-04-01 04:00","1977","04","01","04:00"," ","-33,30","","-34,70","","87,00","","0,00","","0,00","","24,10","","100,79","","","","","","Nuageux"
"1977-04-01 05:00","1977","04","01","05:00"," ","","","","","","","0,00","","0,00","","","","","","","","","","ND"
"1977-04-01 06:00","1977","04","01","06:00"," ","","","","","","","0,00","","0,00","","","","","","","","","","ND"
"1977-04-01 07:00","1977","04","01","07:00"," ","-26,90","","-28,60","","85,00","","0,00","","0,00","","64,40","","100,79","","","","","","Nuageux"
"1977-04-01 08:00","1977","04","01","08:00"," ","","","","","","","22,00","","4,00","","","","","","","","","","ND"
"1977-04-01 09:00","1977","04","01","09:00"," ","","","","","","","24,00","","4,00","","","","","","","","","","ND"
"1977-04-01 10:00","1977","04","01","10:00"," ","-27,40","","-29,10","","85,00","","5,00","","4,00","","32,20","","100,79","","","","-32,00","","Nuageux"
"1977-04-01 11:00","1977","04","01","11:00"," ","-26,40","","-28,10","","85,00","","0,00","","0,00","","64,40","","100,79","","","","","","Nuageux"
"1977-04-01 12:00","1977","04","01","12:00"," ","-25,80","","-27,60","","85,00","","0,00","","0,00","","64,40","","100,76","","","","","","Nuageux"
"1977-04-01 13:00","1977","04","01","13:00"," ","-25,60","","-27,10","","87,00","","0,00","","0,00","","64,40","","100,72","","","","","","Nuageux"
"1977-04-01 14:00","1977","04","01","14:00"," ","-25,20","","-26,60","","88,00","","0,00","","0,00","","64,40","","100,72","","","","","","Nuageux"
"1977-04-01 15:00","1977","04","01","15:00"," ","-25,00","","-26,60","","87,00","","0,00","","0,00","","64,40","","100,69","","","","","","Nuageux"
"1977-04-01 16:00","1977","04","01","16:00"," ","-25,10","","-26,60","","88,00","","0,00","","0,00","","64,40","","100,69","","","","","","Nuageux"
"1977-04-01 17:00","1977","04","01","17:00"," ","","","","","","","32,00","","6,00","","","","","","","","","","ND"
"1977-04-01 18:00","1977","04","01","18:00"," ","","","","","","","0,00","","0,00","","","","","","","","","","ND"
"1977-04-01 19:00","1977","04","01","19:00"," ","-25,10","","-26,60","","88,00","","0,00","","0,00","","32,20","","100,66","","","","","","Nuageux"
"1977-04-01 20:00","1977","04","01","20:00"," ","","","","","","","0,00","","0,00","","","","","","","","","","ND"
"1977-04-01 21:00","1977","04","01","21:00"," ","","","","","","","0,00","","0,00","","","","","","","","","","ND"
"1977-04-01 22:00","1977","04","01","22:00"," ","-24,10","","-25,60","","88,00","","0,00","","0,00","","6,40","","100,66","","","","","","Neige"
"1977-04-01 23:00","1977","04","01","23:00"," ","","","","","","","0,00","","0,00","","","","","","","","","","ND"
"1977-04-02 00:00","1977","04","02","00:00"," ","","","","","","","0,00","","0,00","","","","","","","","","","ND"
"1977-04-02 01:00","1977","04","02","01:00"," ","-26,80","","-27,50","","94,00","","0,00","","0,00","","16,10","","100,55","","","","","","Nuageux"
"1977-04-02 02:00","1977","04","02","02:00"," ","","","","","","","0,00","","0,00","","","","","","","","","","ND"
"1977-04-02 03:00","1977","04","02","03:00"," ","","","","","","","0,00","","0,00","","","","","","","","","","ND"
"1977-04-02 04:00","1977","04","02","04:00"," ","-29,80","","-30,10","","97,00","","15,00","","11,00","","32,20","","100,49","","","","-39,00","","Généralement nuageux"
"1977-04-02 05:00","1977","04","02","05:00"," ","","","","","","","0,00","","0,00","","","","","","","","","","ND"
"1977-04-02 06:00","1977","04","02","06:00"," ","","","","","","","0,00","","0,00","","","","","","","","","","ND"
"1977-04-02 07:00","1977","04","02","07:00"," ","-26,90","","-28,60","","85,00","","0,00","","0,00","","1,20","","100,35","","","","","","Neige"
"1977-04-02 08:00","1977","04","02","08:00"," ","","","","","","","0,00","","0,00","","","","","","","","","","ND"
"1977-04-02 09:00","1977","04","02","09:00"," ","","","","","","","0,00","","0,00","","","","","","","","","","ND"
"1977-04-02 10:00","1977","04","02","10:00"," ","-24,20","","-24,70","","96,00","","16,00","","9,00","","1,60","","100,32","","","","-32,00","","Neige"
"1977-04-02 11:00","1977","04","02","11:00"," ","-23,60","","-24,30","","94,00","","0,00","","0,00","","2,40","","100,28","","","","","","Neige"
"1977-04-02 12:00","1977","04","02","12:00"," ","-23,00","","-24,60","","87,00","","0,00","","0,00","","2,40","","100,25","","","","","","Neige"
"1977-04-02 13:00","1977","04","02","13:00"," ","-22,80","","-24,60","","85,00","","16,00","","6,00","","2,40","","100,25","","","","-28,00","","Neige"
"1977-04-02 14:00","1977","04","02","14:00"," ","-23,50","","-24,30","","93,00","","0,00","","0,00","","3,20","","100,25","","","","","","Neige"
"1977-04-02 15:00","1977","04","02","15:00"," ","-22,50","","-23,60","","91,00","","18,00","","6,00","","3,20","","100,28","","","","-28,00","","Neige"
"1977-04-02 16:00","1977","04","02","16:00"," ","-22,80","","-24,60","","85,00","","13,00","","13,00","","8,00","","100,32","","","","-32,00","","Neige"
"1977-04-02 17:00","1977","04","02","17:00"," ","","","","","","","13,00","","15,00","","","","","","","","","","ND"
"1977-04-02 18:00","1977","04","02","18:00"," ","","","","","","","11,00","","19,00","","","","","","","","","","ND"
"1977-04-02 19:00","1977","04","02","19:00"," ","-24,60","","-27,10","","80,00","","10,00","","15,00","","6,40","","100,32","","","","-35,00","","Neige"
"1977-04-02 20:00","1977","04","02","20:00"," ","","","","","","","14,00","","19,00","","","","","","","","","","ND"
"1977-04-02 21:00","1977","04","02","21:00"," ","","","","","","","14,00","","22,00","","","","","","","","","","ND"
"1977-04-02 22:00","1977","04","02","22:00"," ","-26,80","","-28,60","","84,00","","12,00","","15,00","","6,40","","100,38","","","","-37,00","","Neige"
"1977-04-02 23:00","1977","04","02","23:00"," ","","","","","","","13,00","","22,00","","","","","","","","","","ND"
"1977-04-03 00:00","1977","04","03","00:00"," ","","","","","","","13,00","","17,00","","","","","","","","","","ND"
"1977-04-03 01:00","1977","04","03","01:00"," ","-28,50","","-31,40","","76,00","","13,00","","20,00","","12,90","","100,42","","","","-41,00","","Généralement nuageux"
"1977-04-03 02:00","1977","04","03","02:00"," ","","","","","","","14,00","","22,00","","","","","","","","","","ND"
"1977-04-03 03:00","1977","04","03","03:00"," ","","","","","","","14,00","","19,00","","","","","","","","","","ND"
"1977-04-03 04:00","1977","04","03","04:00"," ","-33,90","","-40,00","","54,00","","13,00","","19,00","","6,40","","100,45","","","","-48,00","","Brouillard de glace"
"1977-04-03 05:00","1977","04","03","05:00"," ","","","","","","","14,00","","20,00","","","","","","","","","","ND"
"1977-04-03 06:00","1977","04","03","06:00"," ","","","","","","","14,00","","17,00","","","","","","","","","","ND"
"1977-04-03 07:00","1977","04","03","07:00"," ","-34,20","","-37,30","","74,00","","13,00","","13,00","","32,20","","100,49","","","","-46,00","","Cristaux de glace"
"1977-04-03 08:00","1977","04","03","08:00"," ","","","","","","","12,00","","11,00","","","","","","","","","","ND"
"1977-04-03 09:00","1977","04","03","09:00"," ","","","","","","","9,00","","9,00","","","","","","","","","","ND"
"1977-04-03 10:00","1977","04","03","10:00"," ","-34,90","","-41,40","","51,00","","10,00","","6,00","","64,40","","100,55","","","","-42,00","","Cristaux de glace"
"1977-04-03 11:00","1977","04","03","11:00"," ","-33,50","","-39,30","","56,00","","14,00","","11,00","","64,40","","100,55","","","","-44,00","","Cristaux de glace"
"1977-04-03 12:00","1977","04","03","12:00"," ","-33,40","","-39,30","","55,00","","14,00","","9,00","","64,40","","100,59","","","","-43,00","","Cristaux de glace"
"1977-04-03 13:00","1977","04","03","13:00"," ","-33,70","","-36,80","","74,00","","17,00","","7,00","","64,40","","100,66","","","","-42,00","","Cristaux de glace"
"1977-04-03 14:00","1977","04","03","14:00"," ","-32,50","","-35,70","","73,00","","16,00","","9,00","","64,40","","100,66","","","","-42,00","","Cristaux de glace"
"1977-04-03 15:00","1977","04","03","15:00"," ","-32,50","","-38,00","","58,00","","13,00","","6,00","","64,40","","100,69","","","","-39,00","","Cristaux de glace"
"1977-04-03 16:00","1977","04","03","16:00"," ","-32,70","","-38,00","","59,00","","11,00","","7,00","","64,40","","100,76","","","","-40,00","","Cristaux de glace"
"1977-04-03 17:00","1977","04","03","17:00"," ","","","","","","","13,00","","7,00","","","","","","","","","","ND"
"1977-04-03 18:00","1977","04","03","18:00"," ","","","","","","","13,00","","11,00","","","","","","","","","","ND"
"1977-04-03 19:00","1977","04","03","19:00"," ","-33,80","","-40,00","","53,00","","12,00","","7,00","","32,20","","100,93","","","","-42,00","","Cristaux de glace"
"1977-04-03 20:00","1977","04","03","20:00"," ","","","","","","","0,00","","0,00","","","","","","","","","","ND"
"1977-04-03 21:00","1977","04","03","21:00"," ","","","","","","","0,00","","0,00","","","","","","","","","","ND"
"1977-04-03 22:00","1977","04","03","22:00"," ","-34,00","","-35,20","","89,00","","0,00","","0,00","","6,40","","101,13","","","","","","Cristaux de glace,Brouillard de glace"
"1977-04-03 23:00","1977","04","03","23:00"," ","","","","","","","14,00","","11,00","","","","","","","","","","ND"
"1977-04-04 00:00","1977","04","04","00:00"," ","","","","","","","13,00","","11,00","","","","","","","","","","ND"
"1977-04-04 01:00","1977","04","04","01:00"," ","-35,00","","-36,00","","90,00","","14,00","","9,00","","6,40","","101,33","","","","-45,00","","Cristaux de glace,Brouillard de glace"
"1977-04-04 02:00","1977","04","04","02:00"," ","","","","","","","8,00","","7,00","","","","","","","","","","ND"
"1977-04-04 03:00","1977","04","04","03:00"," ","","","","","","","8,00","","4,00","","","","","","","","","","ND"
"1977-04-04 04:00","1977","04","04","04:00"," ","-34,50","","-37,90","","71,00","","0,00","","0,00","","6,40","","101,54","","","","","","Cristaux de glace,Brouillard de glace"
"1977-04-04 05:00","1977","04","04","05:00"," ","","","","","","","8,00","","4,00","","","","","","","","","","ND"
"1977-04-04 06:00","1977","04","04","06:00"," ","","","","","","","0,00","","0,00","","","","","","","","","","ND"
"1977-04-04 07:00","1977","04","04","07:00"," ","-34,10","","-40,00","","55,00","","0,00","","0,00","","16,10","","101,77","","","","","","Cristaux de glace"
"1977-04-04 08:00","1977","04","04","08:00"," ","","","","","","","0,00","","0,00","","","","","","","","","","ND"
"1977-04-04 09:00","1977","04","04","09:00"," ","","","","","","","0,00","","0,00","","","","","","","","","","ND"
"1977-04-04 10:00","1977","04","04","10:00"," ","-33,20","","-38,70","","58,00","","0,00","","0,00","","16,10","","101,91","","","","","","Cristaux de glace"
"1977-04-04 11:00","1977","04","04","11:00"," ","-33,40","","-39,30","","55,00","","0,00","","0,00","","16,10","","101,98","","","","","","Cristaux de glace"
"1977-04-04 12:00","1977","04","04","12:00"," ","-33,40","","-39,30","","55,00","","0,00","","0,00","","32,20","","101,98","","","","","","Cristaux de glace"
"1977-04-04 13:00","1977","04","04","13:00"," ","-32,50","","-35,70","","73,00","","0,00","","0,00","","9,70","","102,01","","","","","","Cristaux de glace,Brouillard de glace"
"1977-04-04 14:00","1977","04","04","14:00"," ","-32,50","","-35,70","","73,00","","0,00","","0,00","","16,10","","102,04","","","","","","Cristaux de glace"
"1977-04-04 15:00","1977","04","04","15:00"," ","-32,00","","-35,20","","73,00","","27,00","","6,00","","16,10","","102,08","","","","-39,00","","Cristaux de glace"
"1977-04-04 16:00","1977","04","04","16:00"," ","-31,80","","-37,40","","57,00","","29,00","","4,00","","24,10","","102,08","","","","-36,00","","Cristaux de glace"
"1977-04-04 17:00","1977","04","04","17:00"," ","","","","","","","27,00","","6,00","","","","","","","","","","ND"
"1977-04-04 18:00","1977","04","04","18:00"," ","","","","","","","28,00","","6,00","","","","","","","","","","ND"
"1977-04-04 19:00","1977","04","04","19:00"," ","-34,70","","-40,70","","54,00","","0,00","","0,00","","24,10","","102,18","","","","","","Cristaux de glace"
"1977-04-04 20:00","1977","04","04","20:00"," ","","","","","","","0,00","","0,00","","","","","","","","","","ND"
"1977-04-04 21:00","1977","04","04","21:00"," ","","","","","","","0,00","","0,00","","","","","","","","","","ND"
"1977-04-04 22:00","1977","04","04","22:00"," ","-35,30","","-38,90","","69,00","","0,00","","0,00","","24,10","","102,21","","","","","","Cristaux de glace"
"1977-04-04 23:00","1977","04","04","23:00"," ","","","","","","","0,00","","0,00","","","","","","","","","","ND"
"1977-04-05 00:00","1977","04","05","00:00"," ","","","","","","","0,00","","0,00","","","","","","","","","","ND"
"1977-04-05 01:00","1977","04","05","01:00"," ","-37,40","","","","","","0,00","","0,00","","24,10","","102,25","","","","","","Cristaux de glace"
"1977-04-05 02:00","1977","04","05","02:00"," ","","","","","","","0,00","","0,00","","","","","","","","","","ND"
"1977-04-05 03:00","1977","04","05","03:00"," ","","","","","","","0,00","","0,00","","","","","","","","","","ND"
"1977-04-05 04:00","1977","04","05","04:00"," ","-39,00","","","","","","0,00","","0,00","","64,40","","102,25","","","","","","Cristaux de glace"
"1977-04-05 05:00","1977","04","05","05:00"," ","-39,30","","","","","","0,00","","0,00","","64,40","","102,25","","","","","","Cristaux de glace"
"1977-04-05 06:00","1977","04","05","06:00"," ","-40,00","","","","","","0,00","","0,00","","64,40","","102,25","","","","","","Dégagé"
"1977-04-05 07:00","1977","04","05","07:00"," ","-39,50","","","","","","0,00","","0,00","","64,40","","102,25","","","","","","Dégagé"
"1977-04-05 08:00","1977","04","05","08:00"," ","-37,50","","","","","","0,00","","0,00","","64,40","","102,25","","","","","","Dégagé"
"1977-04-05 09:00","1977","04","05","09:00"," ","-38,20","","","","","","0,00","","0,00","","64,40","","102,25","","","","","","Dégagé"
"1977-04-05 10:00","1977","04","05","10:00"," ","-37,00","","","","","","0,00","","0,00","","64,40","","102,21","","","","","","Généralement dégagé"
"1977-04-05 11:00","1977","04","05","11:00"," ","-36,80","","","","","","0,00","","0,00","","32,20","","102,21","","","","","","Généralement nuageux"
"1977-04-05 12:00","1977","04","05","12:00"," ","-35,90","","","","","","0,00","","0,00","","32,20","","102,21","","","","","","Nuageux"
"1977-04-05 13:00","1977","04","05","13:00"," ","-36,00","","","","","","0,00","","0,00","","32,20","","102,21","","","","","","Nuageux"
"1977-04-05 14:00","1977","04","05","14:00"," ","-35,10","","","","","","0,00","","0,00","","32,20","","102,18","","","","","","Nuageux"
"1977-04-05 15:00","1977","04","05","15:00"," ","-34,30","","-35,60","","87,00","","0,00","","0,00","","32,20","","102,14","","","","","","Nuageux"
"1977-04-05 16:00","1977","04","05","16:00"," ","-33,40","","-36,80","","71,00","","0,00","","0,00","","32,20","","102,14","","","","","","Nuageux"
"1977-04-05 17:00","1977","04","05","17:00"," ","","","","","","","0,00","","0,00","","","","","","","","","","ND"
"1977-04-05 18:00","1977","04","05","18:00"," ","","","","","","","0,00","","0,00","","","","","","","","","","ND"
"1977-04-05 19:00","1977","04","05","19:00"," ","-31,00","","-31,00","","100,00","","0,00","","0,00","","6,40","","102,11","","","","","","Neige"
"1977-04-05 20:00","1977","04","05","20:00"," ","","","","","","","0,00","","0,00","","","","","","","","","","ND"
"1977-04-05 21:00","1977","04","05","21:00"," ","","","","","","","0,00","","0,00","","","","","","","","","","ND"
"1977-04-05 22:00","1977","04","05","22:00"," ","-31,00","","-34,10","","74,00","","0,00","","0,00","","16,10","","102,08","","","","","","Neige"
"1977-04-05 23:00","1977","04","05","23:00"," ","","","","","","","8,00","","4,00","","","","","","","","","","ND"
"1977-04-06 00:00","1977","04","06","00:00"," ","","","","","","","0,00","","0,00","","","","","","","","","","ND"
"1977-04-06 01:00","1977","04","06","01:00"," ","-32,90","","-36,30","","71,00","","0,00","","0,00","","24,10","","101,98","","","","","","Généralement nuageux"
"1977-04-06 02:00","1977","04","06","02:00"," ","","","","","","","0,00","","0,00","","","","","","","","","","ND"
"1977-04-06 03:00","1977","04","06","03:00"," ","","","","","","","0,00","","0,00","","","","","","","","","","ND"
"1977-04-06 04:00","1977","04","06","04:00"," ","-34,70","","-40,70","","54,00","","0,00","","0,00","","24,10","","101,87","","","","","","Généralement dégagé"
"1977-04-06 05:00","1977","04","06","05:00"," ","","","","","","","0,00","","0,00","","","","","","","","","","ND"
"1977-04-06 06:00","1977","04","06","06:00"," ","","","","","","","0,00","","0,00","","","","","","","","","","ND"
"1977-04-06 07:00","1977","04","06","07:00"," ","-36,50","","-40,00","","70,00","","0,00","","0,00","","64,40","","101,81","","","","","","Nuageux"
"1977-04-06 08:00","1977","04","06","08:00"," ","","","","","","","0,00","","0,00","","","","","","","","","","ND"
"1977-04-06 09:00","1977","04","06","09:00"," ","","","","","","","0,00","","0,00","","","","","","","","","","ND"
"1977-04-06 10:00","1977","04","06","10:00"," ","-34,50","","-37,90","","71,00","","0,00","","0,00","","64,40","","101,70","","","","","","Nuageux"
"1977-04-06 11:00","1977","04","06","11:00"," ","-33,80","","-35,20","","87,00","","0,00","","0,00","","64,40","","101,67","","","","","","Nuageux"
"1977-04-06 12:00","1977","04","06","12:00"," ","-32,70","","-33,80","","90,00","","0,00","","0,00","","64,40","","101,67","","","","","","Nuageux"
"1977-04-06 13:00","1977","04","06","13:00"," ","-32,10","","-35,20","","74,00","","0,00","","0,00","","64,40","","101,60","","","","","","Cristaux de glace"
"1977-04-06 14:00","1977","04","06","14:00"," ","-31,50","","-34,70","","73,00","","0,00","","0,00","","64,40","","101,54","","","","","","Cristaux de glace"
"1977-04-06 15:00","1977","04","06","15:00"," ","-31,20","","-34,10","","75,00","","0,00","","0,00","","64,40","","101,50","","","","","","Cristaux de glace"
"1977-04-06 16:00","1977","04","06","16:00"," ","-31,10","","-34,10","","75,00","","0,00","","0,00","","64,40","","101,47","","","","","","Cristaux de glace"
"1977-04-06 17:00","1977","04","06","17:00"," ","","","","","","","30,00","","4,00","","","","","","","","","","ND"
"1977-04-06 18:00","1977","04","06","18:00"," ","","","","","","","29,00","","7,00","","","","","","","","","","ND"
"1977-04-06 19:00","1977","04","06","19:00"," ","-31,00","","-34,10","","74,00","","25,00","","6,00","","24,10","","101,33","","","","-38,00","","Cristaux de glace"
"1977-04-06 20:00","1977","04","06","20:00"," ","","","","","","","33,00","","4,00","","","","","","","","","","ND"
"1977-04-06 21:00","1977","04","06","21:00"," ","","","","","","","19,00","","6,00","","","","","","","","","","ND"
"1977-04-06 22:00","1977","04","06","22:00"," ","-32,60","","-35,70","","74,00","","14,00","","6,00","","24,10","","101,23","","","","-40,00","","Cristaux de glace"
"1977-04-06 23:00","1977","04","06","23:00"," ","","","","","","","5,00","","4,00","","","","","","","","","","ND"
"1977-04-07 00:00","1977","04","07","00:00"," ","","","","","","","0,00","","0,00","","","","","","","","","","ND"
"1977-04-07 01:00","1977","04","07","01:00"," ","-33,80","","-43,60","","36,00","","0,00","","0,00","","24,10","","101,10","","","","","","Cristaux de glace"
"1977-04-07 02:00","1977","04","07","02:00"," ","","","","","","","0,00","","0,00","","","","","","","","","","ND"
"1977-04-07 03:00","1977","04","07","03:00"," ","","","","","","","0,00","","0,00","","","","","","","","","","ND"
"1977-04-07 04:00","1977","04","07","04:00"," ","-32,90","","-38,70","","56,00","","0,00","","0,00","","24,10","","101,03","","","","","","Cristaux de glace"
"1977-04-07 05:00","1977","04","07","05:00"," ","","","","","","","0,00","","0,00","","","","","","","","","","ND"
"1977-04-07 06:00","1977","04","07","06:00"," ","","","","","","","0,00","","0,00","","","","","","","","","","ND"
"1977-04-07 07:00","1977","04","07","07:00"," ","-32,60","","-35,70","","74,00","","3,00","","4,00","","64,40","","100,93","","","","-37,00","","Cristaux de glace"
"1977-04-07 08:00","1977","04","07","08:00"," ","","","","","","","0,00","","0,00","","","","","","","","","","ND"
"1977-04-07 09:00","1977","04","07","09:00"," ","","","","","","","0,00","","0,00","","","","","","","","","","ND"
"1977-04-07 10:00","1977","04","07","10:00"," ","-32,10","","-33,40","","88,00","","0,00","","0,00","","64,40","","100,82","","","","","","Cristaux de glace"
"1977-04-07 11:00","1977","04","07","11:00"," ","-31,80","","-33,40","","85,00","","26,00","","4,00","","16,10","","100,79","","","","-36,00","","Neige"
"1977-04-07 12:00","1977","04","07","12:00"," ","-30,90","","-32,40","","87,00","","28,00","","9,00","","8,00","","100,72","","","","-40,00","","Cristaux de glace,Brouillard de glace"
"1977-04-07 13:00","1977","04","07","13:00"," ","-30,20","","-31,50","","88,00","","0,00","","0,00","","9,70","","100,66","","","","","","Cristaux de glace,Brouillard de glace"
"1977-04-07 14:00","1977","04","07","14:00"," ","-30,50","","-33,60","","74,00","","29,00","","7,00","","16,10","","100,59","","","","-38,00","","Cristaux de glace"
"1977-04-07 15:00","1977","04","07","15:00"," ","-30,40","","-32,00","","86,00","","29,00","","9,00","","32,20","","100,52","","","","-39,00","","Cristaux de glace"
"1977-04-07 16:00","1977","04","07","16:00"," ","-30,10","","-33,10","","75,00","","29,00","","7,00","","32,20","","100,45","","","","-37,00","","Cristaux de glace"
"1977-04-07 17:00","1977","04","07","17:00"," ","","","","","","","30,00","","4,00","","","","","","","","","","ND"
"1977-04-07 18:00","1977","04","07","18:00"," ","","","","","","","0,00","","0,00","","","","","","","","","","ND"
"1977-04-07 19:00","1977","04","07","19:00"," ","-31,10","","-34,10","","75,00","","31,00","","4,00","","16,10","","100,25","","","","-36,00","","Cristaux de glace"
"1977-04-07 20:00","1977","04","07","20:00"," ","","","","","","","0,00","","0,00","","","","","","","","","","ND"
"1977-04-07 21:00","1977","04","07","21:00"," ","","","","","","","26,00","","9,00","","","","","","","","","","ND"
"1977-04-07 22:00","1977","04","07","22:00"," ","-28,60","","-28,80","","98,00","","0,00","","0,00","","6,40","","100,05","","","","","","Neige"
"1977-04-07 23:00","1977","04","07","23:00"," ","","","","","","","18,00","","7,00","","","","","","","","","","ND"
"1977-04-08 00:00","1977","04","08","00:00"," ","","","","","","","27,00","","9,00","","","","","","","","","","ND"
"1977-04-08 01:00","1977","04","08","01:00"," ","-27,60","","-28,00","","96,00","","24,00","","17,00","","1,60","","99,91","","","","-39,00","","Neige"
"1977-04-08 02:00","1977","04","08","02:00"," ","","","","","","","27,00","","19,00","","","","","","","","","","ND"
"1977-04-08 03:00","1977","04","08","03:00"," ","","","","","","","25,00","","22,00","","","","","","","","","","ND"
"1977-04-08 04:00","1977","04","08","04:00"," ","-28,00","","-30,90","","76,00","","26,00","","17,00","","8,00","","99,91","","","","-40,00","","Neige"
"1977-04-08 05:00","1977","04","08","05:00"," ","","","","","","","26,00","","19,00","","","","","","","","","","ND"
"1977-04-08 06:00","1977","04","08","06:00"," ","","","","","","","28,00","","19,00","","","","","","","","","","ND"
"1977-04-08 07:00","1977","04","08","07:00"," ","-28,70","","-34,80","","56,00","","25,00","","15,00","","4,80","","99,91","","","","-40,00","","Neige"
"1977-04-08 08:00","1977","04","08","08:00"," ","","","","","","","28,00","","6,00","","","","","","","","","","ND"
"1977-04-08 09:00","1977","04","08","09:00"," ","","","","","","","27,00","","9,00","","","","","","","","","","ND"
"1977-04-08 10:00","1977","04","08","10:00"," ","-29,50","","-34,20","","63,00","","26,00","","24,00","","9,70","","99,91","","","","-44,00","","Neige"
"1977-04-08 11:00","1977","04","08","11:00"," ","-28,80","","-33,60","","63,00","","32,00","","4,00","","16,10","","99,91","","","","-33,00","","Neige"
"1977-04-08 12:00","1977","04","08","12:00"," ","-28,60","","-33,00","","66,00","","0,00","","0,00","","16,10","","99,91","","","","","","Neige"
"1977-04-08 13:00","1977","04","08","13:00"," ","-28,60","","-33,00","","66,00","","30,00","","2,00","","16,10","","99,94","","","","-31,00","","Neige"
"1977-04-08 14:00","1977","04","08","14:00"," ","-28,00","","-30,90","","76,00","","31,00","","7,00","","16,10","","100,01","","","","-35,00","","Cristaux de glace"
"1977-04-08 15:00","1977","04","08","15:00"," ","-28,90","","-32,00","","74,00","","14,00","","9,00","","32,20","","100,05","","","","-37,00","","Cristaux de glace"
"1977-04-08 16:00","1977","04","08","16:00"," ","-29,50","","-34,20","","63,00","","14,00","","9,00","","32,20","","100,11","","","","-38,00","","Cristaux de glace"
"1977-04-08 17:00","1977","04","08","17:00"," ","","","","","","","14,00","","11,00","","","","","","","","","","ND"
"1977-04-08 18:00","1977","04","08","18:00"," ","","","","","","","14,00","","13,00","","","","","","","","","","ND"
"1977-04-08 19:00","1977","04","08","19:00"," ","-32,20","","-33,40","","89,00","","13,00","","11,00","","64,40","","100,28","","","","-42,00","","Cristaux de glace"
"1977-04-08 20:00","1977","04","08","20:00"," ","","","","","","","13,00","","15,00","","","","","","","","","","ND"
"1977-04-08 21:00","1977","04","08","21:00"," ","","","","","","","13,00","","15,00","","","","","","","","","","ND"
"1977-04-08 22:00","1977","04","08","22:00"," ","-33,20","","-35,70","","78,00","","13,00","","19,00","","32,20","","100,45","","","","-47,00","","Cristaux de glace"
"1977-04-08 23:00","1977","04","08","23:00"," ","","","","","","","14,00","","20,00","","","","","","","","","","ND"
"1977-04-09 00:00","1977","04","09","00:00"," ","","","","","","","14,00","","22,00","","","","","","","","","","ND"
"1977-04-09 01:00","1977","04","09","01:00"," ","-33,60","","-36,80","","73,00","","14,00","","22,00","","32,20","","100,62","","","","-48,00","","Cristaux de glace"
"1977-04-09 02:00","1977","04","09","02:00"," ","","","","","","","14,00","","26,00","","","","","","","","","","ND"
"1977-04-09 03:00","1977","04","09","03:00"," ","","","","","","","14,00","","20,00","","","","","","","","","","ND"
"1977-04-09 04:00","1977","04","09","04:00"," ","-33,90","","-37,30","","71,00","","13,00","","22,00","","32,20","","100,76","","","","-49,00","","Cristaux de glace"
"1977-04-09 05:00","1977","04","09","05:00"," ","","","","","","","14,00","","20,00","","","","","","","","","","ND"
"1977-04-09 06:00","1977","04","09","06:00"," ","","","","","","","14,00","","19,00","","","","","","","","","","ND"
"1977-04-09 07:00","1977","04","09","07:00"," ","-33,40","","-36,80","","71,00","","15,00","","20,00","","32,20","","100,89","","","","-47,00","","Dégagé"
"1977-04-09 08:00","1977","04","09","08:00"," ","","","","","","","14,00","","26,00","","","","","","","","","","ND"
"1977-04-09 09:00","1977","04","09","09:00"," ","","","","","","","15,00","","19,00","","","","","","","","","","ND"
"1977-04-09 10:00","1977","04","09","10:00"," ","-32,70","","-33,80","","90,00","","17,00","","19,00","","32,20","","101,03","","","","-46,00","","Dégagé"
"1977-04-09 11:00","1977","04","09","11:00"," ","-31,90","","-37,40","","58,00","","16,00","","19,00","","16,10","","101,03","","","","-45,00","","Généralement nuageux"
"1977-04-09 12:00","1977","04","09","12:00"," ","-31,70","","-37,40","","57,00","","17,00","","20,00","","16,10","","101,03","","","","-45,00","","Dégagé"
"1977-04-09 13:00","1977","04","09","13:00"," ","-32,00","","-37,40","","59,00","","18,00","","15,00","","32,20","","101,13","","","","-44,00","","Généralement nuageux"
"1977-04-09 14:00","1977","04","09","14:00"," ","-32,20","","-35,20","","74,00","","17,00","","9,00","","64,40","","101,13","","","","-41,00","","Généralement dégagé"
"1977-04-09 15:00","1977","04","09","15:00"," ","-31,00","","-36,10","","61,00","","17,00","","11,00","","64,40","","101,16","","","","-41,00","","Généralement dégagé"
"1977-04-09 16:00","1977","04","09","16:00"," ","-30,40","","-35,50","","61,00","","15,00","","19,00","","64,40","","101,20","","","","-43,00","","Dégagé"
"1977-04-09 17:00","1977","04","09","17:00"," ","","","","","","","16,00","","20,00","","","","","","","","","","ND"
"1977-04-09 18:00","1977","04","09","18:00"," ","","","","","","","14,00","","13,00","","","","","","","","","","ND"
"1977-04-09 19:00","1977","04","09","19:00"," ","-32,20","","-37,40","","60,00","","14,00","","13,00","","64,40","","101,26","","","","-43,00","","Dégagé"
"1977-04-09 20:00","1977","04","09","20:00"," ","","","","","","","15,00","","13,00","","","","","","","","","","ND"
"1977-04-09 21:00","1977","04","09","21:00"," ","","","","","","","16,00","","6,00","","","","","","","","","","ND"
"1977-04-09 22:00","1977","04","09","22:00"," ","-35,30","","-42,40","","48,00","","14,00","","9,00","","64,40","","101,26","","","","-45,00","","Dégagé"
"1977-04-09 23:00","1977","04","09","23:00"," ","","","","","","","8,00","","4,00","","","","","","","","","","ND"
"1977-04-10 00:00","1977","04","10","00:00"," ","","","","","","","0,00","","0,00","","","","","","","","","","ND"
"1977-04-10 01:00","1977","04","10","01:00"," ","-37,10","","-44,30","","47,00","","0,00","","0,00","","64,40","","101,26","","","","","","Dégagé"
"1977-04-10 02:00","1977","04","10","02:00"," ","","","","","","","0,00","","0,00","","","","","","","","","","ND"
"1977-04-10 03:00","1977","04","10","03:00"," ","","","","","","","0,00","","0,00","","","","","","","","","","ND"
"1977-04-10 04:00","1977","04","10","04:00"," ","-37,50","","","","","","0,00","","0,00","","64,40","","101,20","","","","","","Dégagé"
"1977-04-10 05:00","1977","04","10","05:00"," ","","","","","","","0,00","","0,00","","","","","","","","","","ND"
"1977-04-10 06:00","1977","04","10","06:00"," ","","","","","","","29,00","","7,00","","","","","","","","","","ND"
"1977-04-10 07:00","1977","04","10","07:00"," ","-39,10","","","","","","29,00","","7,00","","64,40","","101,06","","","","-48,00","","Nuageux"
"1977-04-10 08:00","1977","04","10","08:00"," ","","","","","","","29,00","","11,00","","","","","","","","","","ND"
"1977-04-10 09:00","1977","04","10","09:00"," ","","","","","","","30,00","","7,00","","","","","","","","","","ND"
"1977-04-10 10:00","1977","04","10","10:00"," ","-32,40","","-35,70","","72,00","","27,00","","11,00","","9,70","","100,82","","","","-43,00","","Brouillard de glace"
"1977-04-10 11:00","1977","04","10","11:00"," ","-31,70","","-34,70","","75,00","","31,00","","9,00","","9,70","","100,70","","","","-41,00","","Brouillard de glace"
"1977-04-10 12:00","1977","04","10","12:00"," ","-30,40","","-33,60","","73,00","","29,00","","9,00","","6,40","","100,66","","","","-39,00","","Neige,Brouillard de glace"
"1977-04-10 13:00","1977","04","10","13:00"," ","-30,00","","-33,10","","74,00","","30,00","","7,00","","3,20","","100,59","","","","-37,00","","Neige,Brouillard de glace"
"1977-04-10 14:00","1977","04","10","14:00"," ","-30,30","","-33,60","","72,00","","0,00","","0,00","","3,20","","100,49","","","","","","Neige,Brouillard de glace"
"1977-04-10 15:00","1977","04","10","15:00"," ","-30,20","","-33,10","","76,00","","31,00","","7,00","","3,20","","100,45","","","","-38,00","","Neige,Brouillard de glace"
"1977-04-10 16:00","1977","04","10","16:00"," ","-29,70","","-32,50","","77,00","","29,00","","11,00","","9,70","","100,38","","","","-39,00","","Neige,Brouillard de glace"
"1977-04-10 17:00","1977","04","10","17:00"," ","","","","","","","31,00","","9,00","","","","","","","","","","ND"
"1977-04-10 18:00","1977","04","10","18:00"," ","","","","","","","28,00","","17,00","","","","","","","","","","ND"
"1977-04-10 19:00","1977","04","10","19:00"," ","-28,70","","-33,00","","66,00","","28,00","","19,00","","9,70","","100,25","","","","-41,00","","Neige"
"1977-04-10 20:00","1977","04","10","20:00"," ","","","","","","","27,00","","15,00","","","","","","","","","","ND"
"1977-04-10 21:00","1977","04","10","21:00"," ","","","","","","","29,00","","7,00","","","","","","","","","","ND"
"1977-04-10 22:00","1977","04","10","22:00"," ","-29,40","","-32,50","","74,00","","28,00","","11,00","","4,80","","100,11","","","","-39,00","","Neige"
"1977-04-10 23:00","1977","04","10","23:00"," ","","","","","","","28,00","","11,00","","","","","","","","","","ND"
"1977-04-11 00:00","1977","04","11","00:00"," ","","","","","","","28,00","","15,00","","","","","","","","","","ND"
"1977-04-11 01:00","1977","04","11","01:00"," ","-26,30","","-28,10","","84,00","","30,00","","4,00","","4,80","","100,05","","","","-30,00","","Neige"
"1977-04-11 02:00","1977","04","11","02:00"," ","","","","","","","28,00","","11,00","","","","","","","","","","ND"
"1977-04-11 03:00","1977","04","11","03:00"," ","","","","","","","28,00","","26,00","","","","","","","","","","ND"
"1977-04-11 04:00","1977","04","11","04:00"," ","-26,80","","-29,80","","76,00","","27,00","","26,00","","16,10","","100,15","","","","-41,00","","Neige"
"1977-04-11 05:00","1977","04","11","05:00"," ","","","","","","","28,00","","19,00","","","","","","","","","","ND"
"1977-04-11 06:00","1977","04","11","06:00"," ","","","","","","","28,00","","22,00","","","","","","","","","","ND"
"1977-04-11 07:00","1977","04","11","07:00"," ","-27,40","","-29,10","","85,00","","27,00","","22,00","","32,20","","100,32","","","","-40,00","","Nuageux"
"1977-04-11 08:00","1977","04","11","08:00"," ","","","","","","","27,00","","30,00","","","","","","","","","","ND"
"1977-04-11 09:00","1977","04","11","09:00"," ","","","","","","","27,00","","24,00","","","","","","","","","","ND"
"1977-04-11 10:00","1977","04","11","10:00"," ","-25,80","","-27,60","","85,00","","28,00","","15,00","","64,40","","100,59","","","","-36,00","","Généralement dégagé"
"1977-04-11 11:00","1977","04","11","11:00"," ","-25,80","","-27,60","","85,00","","26,00","","15,00","","64,40","","100,69","","","","-36,00","","Dégagé"
"1977-04-11 12:00","1977","04","11","12:00"," ","-27,10","","-28,60","","87,00","","25,00","","7,00","","64,40","","100,79","","","","-34,00","","Dégagé"
"1977-04-11 13:00","1977","04","11","13:00"," ","-26,70","","-28,10","","88,00","","14,00","","20,00","","64,40","","100,89","","","","-39,00","","Dégagé"
"1977-04-11 14:00","1977","04","11","14:00"," ","-26,90","","-28,60","","85,00","","15,00","","22,00","","64,40","","100,99","","","","-40,00","","Dégagé"
"1977-04-11 15:00","1977","04","11","15:00"," ","-27,00","","-29,80","","77,00","","14,00","","15,00","","64,40","","101,13","","","","-38,00","","Dégagé"
"1977-04-11 16:00","1977","04","11","16:00"," ","-27,40","","-30,40","","75,00","","15,00","","15,00","","64,40","","101,20","","","","-38,00","","Dégagé"
"1977-04-11 17:00","1977","04","11","17:00"," ","","","","","","","17,00","","28,00","","","","","","","","","","ND"
"1977-04-11 18:00","1977","04","11","18:00"," ","","","","","","","15,00","","20,00","","","","","","","","","","ND"
"1977-04-11 19:00","1977","04","11","19:00"," ","-27,90","","-30,90","","75,00","","15,00","","19,00","","64,40","","101,37","","","","-40,00","","Généralement dégagé"
"1977-04-11 20:00","1977","04","11","20:00"," ","","","","","","","16,00","","26,00","","","","","","","","","","ND"
"1977-04-11 21:00","1977","04","11","21:00"," ","","","","","","","17,00","","24,00","","","","","","","","","","ND"
"1977-04-11 22:00","1977","04","11","22:00"," ","-28,00","","-29,60","","86,00","","17,00","","33,00","","9,70","","101,37","","","","-44,00","","Neige"
"1977-04-11 23:00","1977","04","11","23:00"," ","","","","","","","18,00","","28,00","","","","","","","","","","ND"
"1977-04-12 00:00","1977","04","12","00:00"," ","","","","","","","18,00","","39,00","","","","","","","","","","ND"
"1977-04-12 01:00","1977","04","12","01:00"," ","-27,30","","-29,10","","84,00","","17,00","","31,00","","9,70","","101,26","","","","-42,00","","Neige"
"1977-04-12 02:00","1977","04","12","02:00"," ","","","","","","","17,00","","33,00","","","","","","","","","","ND"
"1977-04-12 03:00","1977","04","12","03:00"," ","","","","","","","16,00","","37,00","","","","","","","","","","ND"
"1977-04-12 04:00","1977","04","12","04:00"," ","-25,30","","-27,10","","85,00","","16,00","","39,00","","16,10","","101,16","","","","-41,00","","Neige en grains"
"1977-04-12 05:00","1977","04","12","05:00"," ","","","","","","","16,00","","50,00","","","","","","","","","","ND"
"1977-04-12 06:00","1977","04","12","06:00"," ","","","","","","","16,00","","41,00","","","","","","","","","","ND"
"1977-04-12 07:00","1977","04","12","07:00"," ","-22,30","","-25,00","","79,00","","14,00","","39,00","","16,10","","100,99","","","","-37,00","","Neige en grains"
"1977-04-12 08:00","1977","04","12","08:00"," ","","","","","","","16,00","","48,00","","","","","","","","","","ND"
"1977-04-12 09:00","1977","04","12","09:00"," ","","","","","","","16,00","","46,00","","","","","","","","","","ND"
"1977-04-12 10:00","1977","04","12","10:00"," ","-19,50","","-21,70","","83,00","","18,00","","57,00","","2,40","","100,82","","","","-35,00","","Poudrerie élevée"
"1977-04-12 11:00","1977","04","12","11:00"," ","-19,00","","-21,10","","83,00","","11,00","","41,00","","0,20","","100,76","","","","-33,00","","Poudrerie élevée"
"1977-04-12 12:00","1977","04","12","12:00"," ","-18,50","","-20,00","","88,00","","18,00","","46,00","","1,60","","100,66","","","","-33,00","","Poudrerie élevée"
"1977-04-12 13:00","1977","04","12","13:00"," ","-17,40","","-19,50","","84,00","","15,00","","44,00","","1,20","","100,59","","","","-31,00","","Poudrerie élevée"
"1977-04-12 14:00","1977","04","12","14:00"," ","-16,50","","-18,40","","85,00","","15,00","","35,00","","0,00","","100,45","","","","-29,00","","Poudrerie élevée"
"1977-04-12 15:00","1977","04","12","15:00"," ","-16,50","","-18,40","","85,00","","16,00","","37,00","","0,00","","100,38","","","","-29,00","","Poudrerie élevée"
"1977-04-12 16:00","1977","04","12","16:00"," ","-15,50","","-17,30","","86,00","","17,00","","52,00","","0,00","","100,35","","","","-29,00","","Poudrerie élevée"
"1977-04-12 17:00","1977","04","12","17:00"," ","","","","","","","19,00","","54,00","","","","","","","","","","ND"
"1977-04-12 18:00","1977","04","12","18:00"," ","","","","","","","18,00","","31,00","","","","","","","","","","ND"
"1977-04-12 19:00","1977","04","12","19:00"," ","-16,10","","-17,30","","91,00","","19,00","","48,00","","0,00","","100,45","","","","-30,00","","Poudrerie élevée"
"1977-04-12 20:00","1977","04","12","20:00"," ","","","","","","","19,00","","50,00","","","","","","","","","","ND"
"1977-04-12 21:00","1977","04","12","21:00"," ","","","","","","","20,00","","44,00","","","","","","","","","","ND"
"1977-04-12 22:00","1977","04","12","22:00"," ","-17,00","","-18,40","","89,00","","21,00","","43,00","","4,80","","100,60","","","","-31,00","","Poudrerie élevée"
"1977-04-12 23:00","1977","04","12","23:00"," ","","","","","","","20,00","","37,00","","","","","","","","","","ND"
"1977-04-13 00:00","1977","04","13","00:00"," ","","","","","","","21,00","","26,00","","","","","","","","","","ND"
"1977-04-13 01:00","1977","04","13","01:00"," ","-18,00","","-20,10","","83,00","","21,00","","24,00","","19,30","","100,89","","","","-29,00","","Nuageux"
"1977-04-13 02:00","1977","04","13","02:00"," ","","","","","","","17,00","","15,00","","","","","","","","","","ND"
"1977-04-13 03:00","1977","04","13","03:00"," ","","","","","","","15,00","","7,00","","","","","","","","","","ND"
"1977-04-13 04:00","1977","04","13","04:00"," ","-21,20","","-22,60","","89,00","","0,00","","0,00","","24,10","","101,13","","","","","","Généralement nuageux"
"1977-04-13 05:00","1977","04","13","05:00"," ","","","","","","","0,00","","0,00","","","","","","","","","","ND"
"1977-04-13 06:00","1977","04","13","06:00"," ","","","","","","","30,00","","7,00","","","","","","","","","","ND"
"1977-04-13 07:00","1977","04","13","07:00"," ","-23,50","","-26,00","","80,00","","29,00","","15,00","","32,20","","101,40","","","","-33,00","","Dégagé"
"1977-04-13 08:00","1977","04","13","08:00"," ","","","","","","","32,00","","11,00","","","","","","","","","","ND"
"1977-04-13 09:00","1977","04","13","09:00"," ","","","","","","","31,00","","11,00","","","","","","","","","","ND"
"1977-04-13 10:00","1977","04","13","10:00"," ","-23,40","","-25,10","","86,00","","27,00","","9,00","","32,20","","101,60","","","","-31,00","","Dégagé"
"1977-04-13 11:00","1977","04","13","11:00"," ","-23,60","","-27,10","","73,00","","30,00","","15,00","","32,20","","101,67","","","","-34,00","","Dégagé"
"1977-04-13 12:00","1977","04","13","12:00"," ","-23,10","","-26,50","","74,00","","0,00","","0,00","","32,20","","101,77","","","","","","Dégagé"
"1977-04-13 13:00","1977","04","13","13:00"," ","-24,30","","-27,10","","78,00","","28,00","","13,00","","32,20","","101,84","","","","-34,00","","Dégagé"
"1977-04-13 14:00","1977","04","13","14:00"," ","-24,00","","-27,60","","72,00","","28,00","","15,00","","32,20","","101,98","","","","-34,00","","Dégagé"
"1977-04-13 15:00","1977","04","13","15:00"," ","-23,80","","-27,60","","71,00","","29,00","","19,00","","32,20","","102,04","","","","-35,00","","Dégagé"
"1977-04-13 16:00","1977","04","13","16:00"," ","-23,40","","-28,20","","65,00","","29,00","","9,00","","32,20","","102,11","","","","-31,00","","Dégagé"
"1977-04-13 17:00","1977","04","13","17:00"," ","","","","","","","29,00","","13,00","","","","","","","","","","ND"
"1977-04-13 18:00","1977","04","13","18:00"," ","","","","","","","31,00","","9,00","","","","","","","","","","ND"
"1977-04-13 19:00","1977","04","13","19:00"," ","-24,60","","-26,10","","88,00","","33,00","","4,00","","32,20","","102,35","","","","-29,00","","Dégagé"
"1977-04-13 20:00","1977","04","13","20:00"," ","","","","","","","34,00","","2,00","","","","","","","","","","ND"
"1977-04-13 21:00","1977","04","13","21:00"," ","","","","","","","0,00","","0,00","","","","","","","","","","ND"
"1977-04-13 22:00","1977","04","13","22:00"," ","-28,60","","-31,40","","77,00","","0,00","","0,00","","32,20","","102,55","","","","","","Dégagé"
"1977-04-13 23:00","1977","04","13","23:00"," ","","","","","","","0,00","","0,00","","","","","","","","","","ND"
"1977-04-14 00:00","1977","04","14","00:00"," ","","","","","","","0,00","","0,00","","","","","","","","","","ND"
"1977-04-14 01:00","1977","04","14","01:00"," ","-30,10","","-33,10","","75,00","","14,00","","4,00","","32,20","","102,72","","","","-35,00","","Dégagé"
"1977-04-14 02:00","1977","04","14","02:00"," ","","","","","","","0,00","","0,00","","","","","","","","","","ND"
"1977-04-14 03:00","1977","04","14","03:00"," ","","","","","","","0,00","","0,00","","","","","","","","","","ND"
"1977-04-14 04:00","1977","04","14","04:00"," ","-31,50","","-36,70","","60,00","","0,00","","0,00","","64,40","","102,92","","","","","","Dégagé"
"1977-04-14 05:00","1977","04","14","05:00"," ","","","","","","","0,00","","0,00","","","","","","","","","","ND"
"1977-04-14 06:00","1977","04","14","06:00"," ","","","","","","","0,00","","0,00","","","","","","","","","","ND"
"1977-04-14 07:00","1977","04","14","07:00"," ","-31,50","","-36,70","","60,00","","13,00","","9,00","","32,20","","103,06","","","","-40,00","","Dégagé"
"1977-04-14 08:00","1977","04","14","08:00"," ","","","","","","","0,00","","0,00","","","","","","","","","","ND"
"1977-04-14 09:00","1977","04","14","09:00"," ","","","","","","","0,00","","0,00","","","","","","","","","","ND"
"1977-04-14 10:00","1977","04","14","10:00"," ","-30,00","","-33,10","","74,00","","0,00","","0,00","","32,20","","103,16","","","","","","Dégagé"
"1977-04-14 11:00","1977","04","14","11:00"," ","-28,60","","-31,40","","77,00","","0,00","","0,00","","32,20","","103,19","","","","","","Dégagé"
"1977-04-14 12:00","1977","04","14","12:00"," ","-27,90","","-30,90","","75,00","","0,00","","0,00","","32,20","","103,23","","","","","","Dégagé"
"1977-04-14 13:00","1977","04","14","13:00"," ","-26,50","","-29,30","","77,00","","15,00","","7,00","","32,20","","103,23","","","","-33,00","","Dégagé"
"1977-04-14 14:00","1977","04","14","14:00"," ","-25,80","","-28,80","","76,00","","14,00","","4,00","","32,20","","103,30","","","","-30,00","","Dégagé"
"1977-04-14 15:00","1977","04","14","15:00"," ","-24,80","","-28,80","","70,00","","15,00","","7,00","","32,20","","103,33","","","","-31,00","","Dégagé"
"1977-04-14 16:00","1977","04","14","16:00"," ","-24,60","","-28,20","","72,00","","14,00","","7,00","","32,20","","103,33","","","","-31,00","","Généralement nuageux"
"1977-04-14 17:00","1977","04","14","17:00"," ","","","","","","","14,00","","9,00","","","","","","","","","","ND"
"1977-04-14 18:00","1977","04","14","18:00"," ","","","","","","","14,00","","4,00","","","","","","","","","","ND"
"1977-04-14 19:00","1977","04","14","19:00"," ","-25,60","","-28,20","","79,00","","0,00","","0,00","","32,20","","103,43","","","","","","Généralement dégagé"
"1977-04-14 20:00","1977","04","14","20:00"," ","","","","","","","15,00","","9,00","","","","","","","","","","ND"
"1977-04-14 21:00","1977","04","14","21:00"," ","","","","","","","0,00","","0,00","","","","","","","","","","ND"
"1977-04-14 22:00","1977","04","14","22:00"," ","-26,60","","-29,30","","78,00","","0,00","","0,00","","32,20","","103,43","","","","","","Généralement dégagé"
"1977-04-14 23:00","1977","04","14","23:00"," ","","","","","","","12,00","","2,00","","","","","","","","","","ND"
"1977-04-15 00:00","1977","04","15","00:00"," ","","","","","","","11,00","","4,00","","","","","","","","","","ND"
"1977-04-15 01:00","1977","04","15","01:00"," ","-30,40","","-33,60","","73,00","","0,00","","0,00","","32,20","","103,50","","","","","","Dégagé"
"1977-04-15 02:00","1977","04","15","02:00"," ","","","","","","","0,00","","0,00","","","","","","","","","","ND"
"1977-04-15 03:00","1977","04","15","03:00"," ","","","","","","","14,00","","4,00","","","","","","","","","","ND"
"1977-04-15 04:00","1977","04","15","04:00"," ","-32,20","","-37,40","","60,00","","11,00","","2,00","","64,40","","103,50","","","","-35,00","","Dégagé"
"1977-04-15 05:00","1977","04","15","05:00"," ","","","","","","","0,00","","0,00","","","","","","","","","","ND"
"1977-04-15 06:00","1977","04","15","06:00"," ","","","","","","","0,00","","0,00","","","","","","","","","","ND"
"1977-04-15 07:00","1977","04","15","07:00"," ","-31,00","","-34,10","","74,00","","0,00","","0,00","","64,40","","103,46","","","","","","Dégagé"
"1977-04-15 08:00","1977","04","15","08:00"," ","","","","","","","0,00","","0,00","","","","","","","","","","ND"
"1977-04-15 09:00","1977","04","15","09:00"," ","","","","","","","0,00","","0,00","","","","","","","","","","ND"
"1977-04-15 10:00","1977","04","15","10:00"," ","-28,00","","-30,90","","76,00","","15,00","","9,00","","64,40","","103,43","","","","-36,00","","Dégagé"
"1977-04-15 11:00","1977","04","15","11:00"," ","-26,70","","-30,60","","69,00","","0,00","","0,00","","64,40","","103,43","","","","","","Dégagé"
"1977-04-15 12:00","1977","04","15","12:00"," ","-25,80","","-30,00","","68,00","","0,00","","0,00","","64,40","","103,40","","","","","","Dégagé"
"1977-04-15 13:00","1977","04","15","13:00"," ","-26,00","","-28,80","","77,00","","16,00","","4,00","","64,40","","103,40","","","","-30,00","","Dégagé"
"1977-04-15 14:00","1977","04","15","14:00"," ","-25,30","","-29,40","","69,00","","16,00","","7,00","","64,40","","103,36","","","","-32,00","","Dégagé"
"1977-04-15 15:00","1977","04","15","15:00"," ","-25,00","","-27,70","","78,00","","18,00","","7,00","","64,40","","103,36","","","","-31,00","","Dégagé"
"1977-04-15 16:00","1977","04","15","16:00"," ","-24,50","","-29,40","","64,00","","16,00","","7,00","","64,40","","103,33","","","","-31,00","","Dégagé"
"1977-04-15 17:00","1977","04","15","17:00"," ","","","","","","","0,00","","0,00","","","","","","","","","","ND"
"1977-04-15 18:00","1977","04","15","18:00"," ","","","","","","","0,00","","0,00","","","","","","","","","","ND"
"1977-04-15 19:00","1977","04","15","19:00"," ","-23,60","","-27,10","","73,00","","0,00","","0,00","","64,40","","103,26","","","","","","Dégagé"
"1977-04-15 20:00","1977","04","15","20:00"," ","","","","","","","0,00","","0,00","","","","","","","","","","ND"
"1977-04-15 21:00","1977","04","15","21:00"," ","","","","","","","0,00","","0,00","","","","","","","","","","ND"
"1977-04-15 22:00","1977","04","15","22:00"," ","-27,60","","-31,80","","67,00","","15,00","","2,00","","64,40","","103,19","","","","-30,00","","Dégagé"
"1977-04-15 23:00","1977","04","15","23:00"," ","","","","","","","0,00","","0,00","","","","","","","","","","ND"
"1977-04-16 00:00","1977","04","16","00:00"," ","","","","","","","0,00","","0,00","","","","","","","","","","ND"
"1977-04-16 01:00","1977","04","16","01:00"," ","-29,40","","-32,50","","74,00","","10,00","","4,00","","32,20","","103,16","","","","-34,00","","Dégagé"
"1977-04-16 02:00","1977","04","16","02:00"," ","","","","","","","10,00","","2,00","","","","","","","","","","ND"
"1977-04-16 03:00","1977","04","16","03:00"," ","","","","","","","0,00","","0,00","","","","","","","","","","ND"
"1977-04-16 04:00","1977","04","16","04:00"," ","-30,40","","-33,60","","73,00","","0,00","","0,00","","64,40","","103,09","","","","","","Dégagé"
"1977-04-16 05:00","1977","04","16","05:00"," ","","","","","","","0,00","","0,00","","","","","","","","","","ND"
"1977-04-16 06:00","1977","04","16","06:00"," ","","","","","","","0,00","","0,00","","","","","","","","","","ND"
"1977-04-16 07:00","1977","04","16","07:00"," ","-29,00","","-35,50","","53,00","","0,00","","0,00","","64,40","","103,06","","","","","","Dégagé"
"1977-04-16 08:00","1977","04","16","08:00"," ","","","","","","","0,00","","0,00","","","","","","","","","","ND"
"1977-04-16 09:00","1977","04","16","09:00"," ","","","","","","","0,00","","0,00","","","","","","","","","","ND"
"1977-04-16 10:00","1977","04","16","10:00"," ","-26,90","","-29,80","","76,00","","0,00","","0,00","","64,40","","102,89","","","","","","Dégagé"
"1977-04-16 11:00","1977","04","16","11:00"," ","-26,20","","-30,00","","70,00","","0,00","","0,00","","64,40","","102,86","","","","","","Dégagé"
"1977-04-16 12:00","1977","04","16","12:00"," ","-25,70","","-29,40","","71,00","","14,00","","6,00","","64,40","","102,79","","","","-32,00","","Dégagé"
"1977-04-16 13:00","1977","04","16","13:00"," ","-24,30","","-27,10","","78,00","","0,00","","0,00","","64,40","","102,75","","","","","","Dégagé"
"1977-04-16 14:00","1977","04","16","14:00"," ","-23,30","","-27,10","","71,00","","14,00","","6,00","","64,40","","102,72","","","","-29,00","","Dégagé"
"1977-04-16 15:00","1977","04","16","15:00"," ","-22,20","","-26,30","","70,00","","15,00","","6,00","","64,40","","102,69","","","","-28,00","","Dégagé"
"1977-04-16 16:00","1977","04","16","16:00"," ","-22,30","","-25,00","","79,00","","15,00","","4,00","","64,40","","102,58","","","","-26,00","","Dégagé"
"1977-04-16 17:00","1977","04","16","17:00"," ","","","","","","","9,00","","2,00","","","","","","","","","","ND"
"1977-04-16 18:00","1977","04","16","18:00"," ","","","","","","","0,00","","0,00","","","","","","","","","","ND"
"1977-04-16 19:00","1977","04","16","19:00"," ","-22,30","","-25,00","","79,00","","0,00","","0,00","","64,40","","102,45","","","","","","Dégagé"
"1977-04-16 20:00","1977","04","16","20:00"," ","","","","","","","0,00","","0,00","","","","","","","","","","ND"
"1977-04-16 21:00","1977","04","16","21:00"," ","","","","","","","15,00","","2,00","","","","","","","","","","ND"
"1977-04-16 22:00","1977","04","16","22:00"," ","-23,80","","-27,60","","71,00","","9,00","","4,00","","64,40","","102,35","","","","-28,00","","Généralement dégagé"
"1977-04-16 23:00","1977","04","16","23:00"," ","","","","","","","11,00","","4,00","","","","","","","","","","ND"
"1977-04-17 00:00","1977","04","17","00:00"," ","","","","","","","0,00","","0,00","","","","","","","","","","ND"
"1977-04-17 01:00","1977","04","17","01:00"," ","-26,80","","-29,80","","76,00","","0,00","","0,00","","64,40","","102,21","","","","","","Généralement dégagé"
"1977-04-17 02:00","1977","04","17","02:00"," ","","","","","","","10,00","","4,00","","","","","","","","","","ND"
"1977-04-17 03:00","1977","04","17","03:00"," ","","","","","","","0,00","","0,00","","","","","","","","","","ND"
"1977-04-17 04:00","1977","04","17","04:00"," ","-27,90","","-29,60","","85,00","","0,00","","0,00","","64,40","","102,11","","","","","","Nuageux"
"1977-04-17 05:00","1977","04","17","05:00"," ","","","","","","","14,00","","7,00","","","","","","","","","","ND"
"1977-04-17 06:00","1977","04","17","06:00"," ","","","","","","","0,00","","0,00","","","","","","","","","","ND"
"1977-04-17 07:00","1977","04","17","07:00"," ","-26,40","","-29,30","","76,00","","0,00","","0,00","","64,40","","102,01","","","","","","Nuageux"
"1977-04-17 08:00","1977","04","17","08:00"," ","","","","","","","0,00","","0,00","","","","","","","","","","ND"
"1977-04-17 09:00","1977","04","17","09:00"," ","","","","","","","0,00","","0,00","","","","","","","","","","ND"
"1977-04-17 10:00","1977","04","17","10:00"," ","-24,00","","-26,60","","79,00","","13,00","","4,00","","64,40","","101,98","","","","-28,00","","Généralement nuageux"
"1977-04-17 11:00","1977","04","17","11:00"," ","-22,90","","-25,50","","79,00","","15,00","","6,00","","64,40","","101,91","","","","-28,00","","Généralement nuageux"
"1977-04-17 12:00","1977","04","17","12:00"," ","-22,10","","-23,60","","88,00","","14,00","","4,00","","64,40","","101,87","","","","-26,00","","Généralement dégagé"
"1977-04-17 13:00","1977","04","17","13:00"," ","-21,10","","-23,30","","83,00","","0,00","","0,00","","64,40","","101,84","","","","","","Généralement nuageux"
"1977-04-17 14:00","1977","04","17","14:00"," ","-20,80","","-23,30","","80,00","","0,00","","0,00","","64,40","","101,81","","","","","","Généralement nuageux"
"1977-04-17 15:00","1977","04","17","15:00"," ","-20,00","","-22,20","","82,00","","0,00","","0,00","","64,40","","101,81","","","","","","Nuageux"
"1977-04-17 16:00","1977","04","17","16:00"," ","-19,60","","-21,70","","83,00","","0,00","","0,00","","64,40","","101,81","","","","","","Nuageux"
"1977-04-17 17:00","1977","04","17","17:00"," ","","","","","","","0,00","","0,00","","","","","","","","","","ND"
"1977-04-17 18:00","1977","04","17","18:00"," ","","","","","","","0,00","","0,00","","","","","","","","","","ND"
"1977-04-17 19:00","1977","04","17","19:00"," ","-19,00","","-22,60","","73,00","","0,00","","0,00","","64,40","","101,81","","","","","","Généralement nuageux"
"1977-04-17 20:00","1977","04","17","20:00"," ","","","","","","","0,00","","0,00","","","","","","","","","","ND"
"1977-04-17 21:00","1977","04","17","21:00"," ","","","","","","","0,00","","0,00","","","","","","","","","","ND"
"1977-04-17 22:00","1977","04","17","22:00"," ","-23,00","","-25,50","","80,00","","0,00","","0,00","","64,40","","101,87","","","","","","Généralement dégagé"
"1977-04-17 23:00","1977","04","17","23:00"," ","","","","","","","0,00","","0,00","","","","","","","","","","ND"
"1977-04-18 00:00","1977","04","18","00:00"," ","","","","","","","0,00","","0,00","","","","","","","","","","ND"
"1977-04-18 01:00","1977","04","18","01:00"," ","-24,70","","-27,10","","81,00","","0,00","","0,00","","64,40","","101,94","","","","","","Généralement dégagé"
"1977-04-18 02:00","1977","04","18","02:00"," ","","","","","","","0,00","","0,00","","","","","","","","","","ND"
"1977-04-18 03:00","1977","04","18","03:00"," ","","","","","","","0,00","","0,00","","","","","","","","","","ND"
"1977-04-18 04:00","1977","04","18","04:00"," ","-25,10","","-27,70","","79,00","","0,00","","0,00","","64,40","","102,01","","","","","","Dégagé"
"1977-04-18 05:00","1977","04","18","05:00"," ","","","","","","","0,00","","0,00","","","","","","","","","","ND"
"1977-04-18 06:00","1977","04","18","06:00"," ","","","","","","","0,00","","0,00","","","","","","","","","","ND"
"1977-04-18 07:00","1977","04","18","07:00"," ","-24,80","","-26,60","","85,00","","0,00","","0,00","","64,40","","102,08","","","","","","Généralement dégagé"
"1977-04-18 08:00","1977","04","18","08:00"," ","","","","","","","0,00","","0,00","","","","","","","","","","ND"
"1977-04-18 09:00","1977","04","18","09:00"," ","","","","","","","0,00","","0,00","","","","","","","","","","ND"
"1977-04-18 10:00","1977","04","18","10:00"," ","-23,50","","-26,00","","80,00","","0,00","","0,00","","64,40","","102,11","","","","","","Dégagé"
"1977-04-18 11:00","1977","04","18","11:00"," ","-22,00","","-23,60","","87,00","","0,00","","0,00","","64,40","","102,11","","","","","","Dégagé"
"1977-04-18 12:00","1977","04","18","12:00"," ","-20,90","","-23,30","","81,00","","0,00","","0,00","","64,40","","102,11","","","","","","Dégagé"
"1977-04-18 13:00","1977","04","18","13:00"," ","-20,40","","-22,00","","87,00","","0,00","","0,00","","64,40","","102,14","","","","","","Dégagé"
"1977-04-18 14:00","1977","04","18","14:00"," ","-19,00","","-21,10","","83,00","","0,00","","0,00","","64,40","","102,14","","","","","","Dégagé"
"1977-04-18 15:00","1977","04","18","15:00"," ","-18,60","","-20,60","","84,00","","0,00","","0,00","","64,40","","102,18","","","","","","Dégagé"
"1977-04-18 16:00","1977","04","18","16:00"," ","-18,40","","-20,60","","83,00","","0,00","","0,00","","64,40","","102,18","","","","","","Dégagé"
"1977-04-18 17:00","1977","04","18","17:00"," ","","","","","","","0,00","","0,00","","","","","","","","","","ND"
"1977-04-18 18:00","1977","04","18","18:00"," ","","","","","","","0,00","","0,00","","","","","","","","","","ND"
"1977-04-18 19:00","1977","04","18","19:00"," ","-19,00","","-21,10","","83,00","","23,00","","4,00","","64,40","","102,21","","","","-22,00","","Dégagé"
"1977-04-18 20:00","1977","04","18","20:00"," ","","","","","","","0,00","","0,00","","","","","","","","","","ND"
"1977-04-18 21:00","1977","04","18","21:00"," ","","","","","","","0,00","","0,00","","","","","","","","","","ND"
"1977-04-18 22:00","1977","04","18","22:00"," ","-21,00","","-22,60","","87,00","","0,00","","0,00","","64,40","","102,21","","","","","","Dégagé"
"1977-04-18 23:00","1977","04","18","23:00"," ","","","","","","","0,00","","0,00","","","","","","","","","","ND"
"1977-04-19 00:00","1977","04","19","00:00"," ","","","","","","","0,00","","0,00","","","","","","","","","","ND"
"1977-04-19 01:00","1977","04","19","01:00"," ","-24,20","","-25,60","","88,00","","0,00","","0,00","","64,40","","102,21","","","","","","Dégagé"
"1977-04-19 02:00","1977","04","19","02:00"," ","","","","","","","0,00","","0,00","","","","","","","","","","ND"
"1977-04-19 03:00","1977","04","19","03:00"," ","","","","","","","0,00","","0,00","","","","","","","","","","ND"
"1977-04-19 04:00","1977","04","19","04:00"," ","-25,50","","-27,10","","87,00","","18,00","","6,00","","64,40","","102,21","","","","-31,00","","Dégagé"
"1977-04-19 05:00","1977","04","19","05:00"," ","","","","","","","6,00","","4,00","","","","","","","","","","ND"
"1977-04-19 06:00","1977","04","19","06:00"," ","","","","","","","0,00","","0,00","","","","","","","","","","ND"
"1977-04-19 07:00","1977","04","19","07:00"," ","-25,10","","-27,70","","79,00","","0,00","","0,00","","64,40","","102,11","","","","","","Dégagé"
"1977-04-19 08:00","1977","04","19","08:00"," ","","","","","","","0,00","","0,00","","","","","","","","","","ND"
"1977-04-19 09:00","1977","04","19","09:00"," ","","","","","","","0,00","","0,00","","","","","","","","","","ND"
"1977-04-19 10:00","1977","04","19","10:00"," ","-23,20","","-25,50","","82,00","","0,00","","0,00","","64,40","","102,04","","","","","","Dégagé"
"1977-04-19 11:00","1977","04","19","11:00"," ","-22,10","","-24,40","","82,00","","0,00","","0,00","","64,40","","102,01","","","","","","Dégagé"
"1977-04-19 12:00","1977","04","19","12:00"," ","-21,20","","-23,30","","84,00","","15,00","","4,00","","64,40","","101,98","","","","-25,00","","Dégagé"
"1977-04-19 13:00","1977","04","19","13:00"," ","-20,00","","-22,20","","82,00","","19,00","","4,00","","64,40","","101,91","","","","-23,00","","Dégagé"
"1977-04-19 14:00","1977","04","19","14:00"," ","-19,40","","-21,70","","82,00","","0,00","","0,00","","64,40","","101,87","","","","","","Dégagé"
"1977-04-19 15:00","1977","04","19","15:00"," ","-19,60","","-21,70","","83,00","","0,00","","0,00","","64,40","","101,84","","","","","","Dégagé"
"1977-04-19 16:00","1977","04","19","16:00"," ","-19,20","","-21,10","","85,00","","0,00","","0,00","","64,40","","101,81","","","","","","Dégagé"
"1977-04-19 17:00","1977","04","19","17:00"," ","","","","","","","25,00","","4,00","","","","","","","","","","ND"
"1977-04-19 18:00","1977","04","19","18:00"," ","","","","","","","17,00","","7,00","","","","","","","","","","ND"
"1977-04-19 19:00","1977","04","19","19:00"," ","-18,90","","-22,60","","72,00","","15,00","","4,00","","64,40","","101,70","","","","-22,00","","Dégagé"
"1977-04-19 20:00","1977","04","19","20:00"," ","","","","","","","0,00","","0,00","","","","","","","","","","ND"
"1977-04-19 21:00","1977","04","19","21:00"," ","","","","","","","0,00","","0,00","","","","","","","","","","ND"
"1977-04-19 22:00","1977","04","19","22:00"," ","-22,10","","-24,40","","82,00","","31,00","","4,00","","64,40","","101,60","","","","-26,00","","Dégagé"
"1977-04-19 23:00","1977","04","19","23:00"," ","","","","","","","0,00","","0,00","","","","","","","","","","ND"
"1977-04-20 00:00","1977","04","20","00:00"," ","","","","","","","35,00","","6,00","","","","","","","","","","ND"
"1977-04-20 01:00","1977","04","20","01:00"," ","-24,80","","-26,60","","85,00","","27,00","","4,00","","64,40","","101,54","","","","-29,00","","Dégagé"
"1977-04-20 02:00","1977","04","20","02:00"," ","","","","","","","0,00","","0,00","","","","","","","","","","ND"
"1977-04-20 03:00","1977","04","20","03:00"," ","","","","","","","17,00","","7,00","","","","","","","","","","ND"
"1977-04-20 04:00","1977","04","20","04:00"," ","-24,80","","-26,60","","85,00","","15,00","","9,00","","64,40","","101,47","","","","-32,00","","Dégagé"
"1977-04-20 05:00","1977","04","20","05:00"," ","","","","","","","15,00","","2,00","","","","","","","","","","ND"
"1977-04-20 06:00","1977","04","20","06:00"," ","","","","","","","8,00","","6,00","","","","","","","","","","ND"
"1977-04-20 07:00","1977","04","20","07:00"," ","-25,20","","-27,70","","80,00","","0,00","","0,00","","64,40","","101,40","","","","","","Dégagé"
"1977-04-20 08:00","1977","04","20","08:00"," ","","","","","","","0,00","","0,00","","","","","","","","","","ND"
"1977-04-20 09:00","1977","04","20","09:00"," ","","","","","","","0,00","","0,00","","","","","","","","","","ND"
"1977-04-20 10:00","1977","04","20","10:00"," ","-22,50","","-25,00","","80,00","","15,00","","6,00","","64,40","","101,26","","","","-28,00","","Dégagé"
"1977-04-20 11:00","1977","04","20","11:00"," ","-21,50","","-23,90","","81,00","","15,00","","2,00","","64,40","","101,23","","","","-23,00","","Dégagé"
"1977-04-20 12:00","1977","04","20","12:00"," ","-20,00","","-22,20","","82,00","","16,00","","6,00","","64,40","","101,20","","","","-25,00","","Dégagé"
"1977-04-20 13:00","1977","04","20","13:00"," ","-19,00","","-21,10","","83,00","","15,00","","7,00","","64,40","","101,16","","","","-24,00","","Dégagé"
"1977-04-20 14:00","1977","04","20","14:00"," ","-18,70","","-20,60","","85,00","","16,00","","4,00","","64,40","","101,13","","","","-22,00","","Généralement dégagé"
"1977-04-20 15:00","1977","04","20","15:00"," ","-18,20","","-20,10","","85,00","","16,00","","6,00","","64,40","","101,10","","","","-23,00","","Dégagé"
"1977-04-20 16:00","1977","04","20","16:00"," ","-17,80","","-20,10","","82,00","","15,00","","6,00","","64,40","","101,03","","","","-22,00","","Dégagé"
"1977-04-20 17:00","1977","04","20","17:00"," ","","","","","","","15,00","","6,00","","","","","","","","","","ND"
"1977-04-20 18:00","1977","04","20","18:00"," ","","","","","","","15,00","","4,00","","","","","","","","","","ND"
"1977-04-20 19:00","1977","04","20","19:00"," ","-18,40","","-20,00","","87,00","","15,00","","9,00","","64,40","","100,99","","","","-25,00","","Généralement dégagé"
"1977-04-20 20:00","1977","04","20","20:00"," ","","","","","","","15,00","","9,00","","","","","","","","","","ND"
"1977-04-20 21:00","1977","04","20","21:00"," ","","","","","","","16,00","","15,00","","","","","","","","","","ND"
"1977-04-20 22:00","1977","04","20","22:00"," ","-20,70","","-22,80","","84,00","","14,00","","20,00","","64,40","","100,99","","","","-31,00","","Généralement dégagé"
"1977-04-20 23:00","1977","04","20","23:00"," ","","","","","","","13,00","","22,00","","","","","","","","","","ND"
"1977-04-21 00:00","1977","04","21","00:00"," ","","","","","","","15,00","","22,00","","","","","","","","","","ND"
"1977-04-21 01:00","1977","04","21","01:00"," ","-21,10","","-22,60","","88,00","","15,00","","22,00","","64,40","","100,93","","","","-32,00","","Généralement dégagé"
"1977-04-21 02:00","1977","04","21","02:00"," ","","","","","","","15,00","","24,00","","","","","","","","","","ND"
"1977-04-21 03:00","1977","04","21","03:00"," ","","","","","","","15,00","","24,00","","","","","","","","","","ND"
"1977-04-21 04:00","1977","04","21","04:00"," ","-24,90","","-27,70","","77,00","","15,00","","19,00","","64,40","","100,99","","","","-36,00","","Généralement dégagé"
"1977-04-21 05:00","1977","04","21","05:00"," ","","","","","","","14,00","","22,00","","","","","","","","","","ND"
"1977-04-21 06:00","1977","04","21","06:00"," ","","","","","","","15,00","","17,00","","","","","","","","","","ND"
"1977-04-21 07:00","1977","04","21","07:00"," ","-24,00","","-26,60","","79,00","","15,00","","15,00","","64,40","","101,03","","","","-34,00","","Généralement nuageux"
"1977-04-21 08:00","1977","04","21","08:00"," ","","","","","","","15,00","","15,00","","","","","","","","","","ND"
"1977-04-21 09:00","1977","04","21","09:00"," ","","","","","","","13,00","","15,00","","","","","","","","","","ND"
"1977-04-21 10:00","1977","04","21","10:00"," ","-21,00","","-23,30","","82,00","","15,00","","19,00","","64,40","","101,03","","","","-31,00","","Généralement nuageux"
"1977-04-21 11:00","1977","04","21","11:00"," ","-20,60","","-22,80","","83,00","","18,00","","11,00","","64,40","","101,06","","","","-28,00","","Généralement nuageux"
"1977-04-21 12:00","1977","04","21","12:00"," ","-20,60","","-22,80","","83,00","","19,00","","7,00","","64,40","","101,06","","","","-26,00","","Généralement nuageux"
"1977-04-21 13:00","1977","04","21","13:00"," ","-19,40","","-21,70","","82,00","","17,00","","11,00","","64,40","","101,10","","","","-27,00","","Nuageux"
"1977-04-21 14:00","1977","04","21","14:00"," ","-19,40","","-21,70","","82,00","","20,00","","7,00","","64,40","","101,10","","","","-25,00","","Nuageux"
"1977-04-21 15:00","1977","04","21","15:00"," ","-18,50","","-20,60","","83,00","","0,00","","0,00","","64,40","","101,10","","","","","","Nuageux"
"1977-04-21 16:00","1977","04","21","16:00"," ","-18,40","","-20,60","","83,00","","0,00","","0,00","","64,40","","101,10","","","","","","Généralement nuageux"
"1977-04-21 17:00","1977","04","21","17:00"," ","","","","","","","0,00","","0,00","","","","","","","","","","ND"
"1977-04-21 18:00","1977","04","21","18:00"," ","","","","","","","27,00","","6,00","","","","","","","","","","ND"
"1977-04-21 19:00","1977","04","21","19:00"," ","-20,00","","-21,50","","88,00","","28,00","","9,00","","64,40","","101,13","","","","-27,00","","Généralement dégagé"
"1977-04-21 20:00","1977","04","21","20:00"," ","","","","","","","28,00","","9,00","","","","","","","","","","ND"
"1977-04-21 21:00","1977","04","21","21:00"," ","","","","","","","29,00","","6,00","","","","","","","","","","ND"
"1977-04-21 22:00","1977","04","21","22:00"," ","-22,40","","-24,10","","86,00","","0,00","","0,00","","64,40","","101,13","","","","","","Généralement dégagé"
"1977-04-21 23:00","1977","04","21","23:00"," ","","","","","","","0,00","","0,00","","","","","","","","","","ND"
"1977-04-22 00:00","1977","04","22","00:00"," ","","","","","","","0,00","","0,00","","","","","","","","","","ND"
"1977-04-22 01:00","1977","04","22","01:00"," ","-24,80","","-26,60","","85,00","","0,00","","0,00","","64,40","","101,16","","","","","","Généralement nuageux"
"1977-04-22 02:00","1977","04","22","02:00"," ","","","","","","","0,00","","0,00","","","","","","","","","","ND"
"1977-04-22 03:00","1977","04","22","03:00"," ","","","","","","","0,00","","0,00","","","","","","","","","","ND"
"1977-04-22 04:00","1977","04","22","04:00"," ","-26,30","","-28,10","","84,00","","0,00","","0,00","","64,40","","101,20","","","","","","Généralement nuageux"
"1977-04-22 05:00","1977","04","22","05:00"," ","","","","","","","0,00","","0,00","","","","","","","","","","ND"
"1977-04-22 06:00","1977","04","22","06:00"," ","","","","","","","0,00","","0,00","","","","","","","","","","ND"
"1977-04-22 07:00","1977","04","22","07:00"," ","-25,90","","-28,80","","77,00","","0,00","","0,00","","32,20","","101,20","","","","","","Généralement nuageux"
"1977-04-22 08:00","1977","04","22","08:00"," ","","","","","","","0,00","","0,00","","","","","","","","","","ND"
"1977-04-22 09:00","1977","04","22","09:00"," ","","","","","","","0,00","","0,00","","","","","","","","","","ND"
"1977-04-22 10:00","1977","04","22","10:00"," ","-23,00","","-25,50","","80,00","","0,00","","0,00","","64,40","","101,23","","","","","","Généralement dégagé"
"1977-04-22 11:00","1977","04","22","11:00"," ","-22,00","","-24,40","","81,00","","29,00","","6,00","","64,40","","101,23","","","","-27,00","","Généralement dégagé"
"1977-04-22 12:00","1977","04","22","12:00"," ","-20,60","","-22,80","","83,00","","26,00","","15,00","","64,40","","101,20","","","","-30,00","","Généralement dégagé"
"1977-04-22 13:00","1977","04","22","13:00"," ","-20,50","","-22,80","","82,00","","26,00","","19,00","","32,20","","101,20","","","","-31,00","","Dégagé"
"1977-04-22 14:00","1977","04","22","14:00"," ","-20,70","","-22,80","","84,00","","27,00","","20,00","","32,20","","101,20","","","","-31,00","","Dégagé"
"1977-04-22 15:00","1977","04","22","15:00"," ","-19,60","","-21,70","","83,00","","26,00","","13,00","","32,20","","101,20","","","","-28,00","","Dégagé"
"1977-04-22 16:00","1977","04","22","16:00"," ","-19,50","","-21,70","","83,00","","29,00","","6,00","","32,20","","101,23","","","","-24,00","","Dégagé"
"1977-04-22 17:00","1977","04","22","17:00"," ","","","","","","","31,00","","9,00","","","","","","","","","","ND"
"1977-04-22 18:00","1977","04","22","18:00"," ","","","","","","","33,00","","9,00","","","","","","","","","","ND"
"1977-04-22 19:00","1977","04","22","19:00"," ","-21,00","","-24,20","","75,00","","33,00","","7,00","","32,20","","101,26","","","","-27,00","","Dégagé"
"1977-04-22 20:00","1977","04","22","20:00"," ","","","","","","","29,00","","11,00","","","","","","","","","","ND"
"1977-04-22 21:00","1977","04","22","21:00"," ","","","","","","","30,00","","9,00","","","","","","","","","","ND"
"1977-04-22 22:00","1977","04","22","22:00"," ","-24,10","","-25,60","","88,00","","16,00","","9,00","","64,40","","101,33","","","","-32,00","","Dégagé"
"1977-04-22 23:00","1977","04","22","23:00"," ","","","","","","","0,00","","0,00","","","","","","","","","","ND"
"1977-04-23 00:00","1977","04","23","00:00"," ","","","","","","","0,00","","0,00","","","","","","","","","","ND"
"1977-04-23 01:00","1977","04","23","01:00"," ","-25,70","","-27,10","","88,00","","0,00","","0,00","","64,40","","101,40","","","","","","Dégagé"
"1977-04-23 02:00","1977","04","23","02:00"," ","","","","","","","16,00","","6,00","","","","","","","","","","ND"
"1977-04-23 03:00","1977","04","23","03:00"," ","","","","","","","9,00","","7,00","","","","","","","","","","ND"
"1977-04-23 04:00","1977","04","23","04:00"," ","-26,20","","-27,60","","88,00","","0,00","","0,00","","64,40","","101,47","","","","","","Dégagé"
"1977-04-23 05:00","1977","04","23","05:00"," ","","","","","","","0,00","","0,00","","","","","","","","","","ND"
"1977-04-23 06:00","1977","04","23","06:00"," ","","","","","","","0,00","","0,00","","","","","","","","","","ND"
"1977-04-23 07:00","1977","04","23","07:00"," ","-26,60","","-29,30","","78,00","","0,00","","0,00","","64,40","","101,54","","","","","","Dégagé"
"1977-04-23 08:00","1977","04","23","08:00"," ","","","","","","","0,00","","0,00","","","","","","","","","","ND"
"1977-04-23 09:00","1977","04","23","09:00"," ","","","","","","","0,00","","0,00","","","","","","","","","","ND"
"1977-04-23 10:00","1977","04","23","10:00"," ","-24,50","","-27,10","","79,00","","20,00","","4,00","","32,20","","101,54","","","","-28,00","","Dégagé"
"1977-04-23 11:00","1977","04","23","11:00"," ","-23,30","","-26,00","","79,00","","18,00","","7,00","","32,20","","101,54","","","","-29,00","","Dégagé"
"1977-04-23 12:00","1977","04","23","12:00"," ","-22,50","","-25,00","","80,00","","18,00","","4,00","","32,20","","101,54","","","","-26,00","","Dégagé"
"1977-04-23 13:00","1977","04","23","13:00"," ","-21,90","","-24,40","","80,00","","0,00","","0,00","","32,20","","101,54","","","","","","Dégagé"
"1977-04-23 14:00","1977","04","23","14:00"," ","-21,70","","-23,90","","83,00","","0,00","","0,00","","64,40","","101,50","","","","","","Dégagé"
"1977-04-23 15:00","1977","04","23","15:00"," ","-21,00","","-23,30","","82,00","","19,00","","4,00","","64,40","","101,50","","","","-25,00","","Dégagé"
"1977-04-23 16:00","1977","04","23","16:00"," ","-20,60","","-22,80","","83,00","","16,00","","6,00","","64,40","","101,50","","","","-26,00","","Dégagé"
"1977-04-23 17:00","1977","04","23","17:00"," ","","","","","","","17,00","","6,00","","","","","","","","","","ND"
"1977-04-23 18:00","1977","04","23","18:00"," ","","","","","","","0,00","","0,00","","","","","","","","","","ND"
"1977-04-23 19:00","1977","04","23","19:00"," ","-21,00","","-22,60","","87,00","","17,00","","6,00","","64,40","","101,43","","","","-26,00","","Dégagé"
"1977-04-23 20:00","1977","04","23","20:00"," ","","","","","","","15,00","","7,00","","","","","","","","","","ND"
"1977-04-23 21:00","1977","04","23","21:00"," ","","","","","","","15,00","","11,00","","","","","","","","","","ND"
"1977-04-23 22:00","1977","04","23","22:00"," ","-23,20","","-25,50","","82,00","","15,00","","9,00","","64,40","","101,40","","","","-31,00","","Dégagé"
"1977-04-23 23:00","1977","04","23","23:00"," ","","","","","","","0,00","","0,00","","","","","","","","","","ND"
"1977-04-24 00:00","1977","04","24","00:00"," ","","","","","","","0,00","","0,00","","","","","","","","","","ND"
"1977-04-24 01:00","1977","04","24","01:00"," ","-26,00","","-28,80","","77,00","","0,00","","0,00","","64,40","","101,37","","","","","","Généralement dégagé"
"1977-04-24 02:00","1977","04","24","02:00"," ","","","","","","","0,00","","0,00","","","","","","","","","","ND"
"1977-04-24 03:00","1977","04","24","03:00"," ","","","","","","","0,00","","0,00","","","","","","","","","","ND"
"1977-04-24 04:00","1977","04","24","04:00"," ","-26,40","","-29,30","","76,00","","0,00","","0,00","","64,40","","101,37","","","","","","Dégagé"
"1977-04-24 05:00","1977","04","24","05:00"," ","","","","","","","0,00","","0,00","","","","","","","","","","ND"
"1977-04-24 06:00","1977","04","24","06:00"," ","","","","","","","0,00","","0,00","","","","","","","","","","ND"
"1977-04-24 07:00","1977","04","24","07:00"," ","-26,60","","-29,30","","78,00","","0,00","","0,00","","64,40","","101,40","","","","","","Dégagé"
"1977-04-24 08:00","1977","04","24","08:00"," ","","","","","","","16,00","","2,00","","","","","","","","","","ND"
"1977-04-24 09:00","1977","04","24","09:00"," ","","","","","","","0,00","","0,00","","","","","","","","","","ND"
"1977-04-24 10:00","1977","04","24","10:00"," ","-24,50","","-27,10","","79,00","","0,00","","0,00","","64,40","","101,37","","","","","","Généralement nuageux"
"1977-04-24 11:00","1977","04","24","11:00"," ","-23,30","","-25,10","","85,00","","0,00","","0,00","","64,40","","101,37","","","","","","Généralement dégagé"
"1977-04-24 12:00","1977","04","24","12:00"," ","-22,40","","-25,90","","73,00","","17,00","","7,00","","64,40","","101,37","","","","-28,00","","Dégagé"
"1977-04-24 13:00","1977","04","24","13:00"," ","-21,40","","-24,70","","75,00","","15,00","","4,00","","64,40","","101,37","","","","-25,00","","Dégagé"
"1977-04-24 14:00","1977","04","24","14:00"," ","-20,50","","-22,80","","82,00","","17,00","","6,00","","64,40","","101,40","","","","-26,00","","Dégagé"
"1977-04-24 15:00","1977","04","24","15:00"," ","-20,00","","-23,00","","77,00","","17,00","","7,00","","64,40","","101,40","","","","-26,00","","Dégagé"
"1977-04-24 16:00","1977","04","24","16:00"," ","-20,10","","-23,00","","78,00","","16,00","","7,00","","64,40","","101,37","","","","-26,00","","Dégagé"
"1977-04-24 17:00","1977","04","24","17:00"," ","","","","","","","16,00","","7,00","","","","","","","","","","ND"
"1977-04-24 18:00","1977","04","24","18:00"," ","","","","","","","15,00","","7,00","","","","","","","","","","ND"
"1977-04-24 19:00","1977","04","24","19:00"," ","-20,30","","-22,80","","80,00","","14,00","","11,00","","32,20","","101,43","","","","-28,00","","Dégagé"
"1977-04-24 20:00","1977","04","24","20:00"," ","","","","","","","15,00","","7,00","","","","","","","","","","ND"
"1977-04-24 21:00","1977","04","24","21:00"," ","","","","","","","16,00","","7,00","","","","","","","","","","ND"
"1977-04-24 22:00","1977","04","24","22:00"," ","-21,80","","-24,40","","80,00","","0,00","","0,00","","32,20","","101,50","","","","","","Généralement dégagé"
"1977-04-24 23:00","1977","04","24","23:00"," ","","","","","","","5,00","","7,00","","","","","","","","","","ND"
"1977-04-25 00:00","1977","04","25","00:00"," ","","","","","","","11,00","","7,00","","","","","","","","","","ND"
"1977-04-25 01:00","1977","04","25","01:00"," ","-23,00","","-25,50","","80,00","","10,00","","7,00","","32,20","","101,57","","","","-29,00","","Généralement nuageux"
"1977-04-25 02:00","1977","04","25","02:00"," ","","","","","","","0,00","","0,00","","","","","","","","","","ND"
"1977-04-25 03:00","1977","04","25","03:00"," ","","","","","","","3,00","","9,00","","","","","","","","","","ND"
"1977-04-25 04:00","1977","04","25","04:00"," ","-24,50","","-26,10","","87,00","","15,00","","7,00","","16,10","","101,60","","","","-31,00","","Généralement dégagé"
"1977-04-25 05:00","1977","04","25","05:00"," ","-25,70","","-26,10","","97,00","","18,00","","7,00","","16,10","","101,64","","","","-32,00","","Généralement dégagé"
"1977-04-25 06:00","1977","04","25","06:00"," ","-25,40","","-27,10","","86,00","","17,00","","11,00","","32,20","","101,67","","","","-34,00","","Généralement nuageux"
"1977-04-25 07:00","1977","04","25","07:00"," ","-24,40","","-27,10","","78,00","","18,00","","9,00","","32,20","","101,67","","","","-32,00","","Généralement dégagé"
"1977-04-25 08:00","1977","04","25","08:00"," ","-24,20","","-26,60","","81,00","","25,00","","9,00","","32,20","","101,70","","","","-32,00","","Généralement dégagé"
"1977-04-25 09:00","1977","04","25","09:00"," ","-23,80","","-26,60","","78,00","","16,00","","11,00","","32,20","","101,70","","","","-32,00","","Cristaux de glace"
"1977-04-25 10:00","1977","04","25","10:00"," ","-22,60","","-25,90","","75,00","","0,00","","0,00","","32,20","","101,67","","","","","","Cristaux de glace"
"1977-04-25 11:00","1977","04","25","11:00"," ","-22,00","","-25,30","","75,00","","16,00","","7,00","","32,20","","101,70","","","","-28,00","","Cristaux de glace"
"1977-04-25 12:00","1977","04","25","12:00"," ","-21,40","","-24,70","","75,00","","18,00","","6,00","","64,40","","101,70","","","","-27,00","","Cristaux de glace"
"1977-04-25 13:00","1977","04","25","13:00"," ","-20,00","","-23,00","","77,00","","18,00","","6,00","","64,40","","101,67","","","","-25,00","","Cristaux de glace"
"1977-04-25 14:00","1977","04","25","14:00"," ","-19,00","","-21,90","","78,00","","19,00","","6,00","","64,40","","101,67","","","","-24,00","","Cristaux de glace"
"1977-04-25 15:00","1977","04","25","15:00"," ","-18,80","","-21,10","","82,00","","17,00","","9,00","","64,40","","101,67","","","","-25,00","","Cristaux de glace"
"1977-04-25 16:00","1977","04","25","16:00"," ","-18,60","","-20,60","","84,00","","16,00","","4,00","","64,40","","101,67","","","","-22,00","","Dégagé"
"1977-04-25 17:00","1977","04","25","17:00"," ","-18,60","","-20,60","","84,00","","26,00","","6,00","","64,40","","101,67","","","","-23,00","","Dégagé"
"1977-04-25 18:00","1977","04","25","18:00"," ","-18,20","","-20,10","","85,00","","19,00","","4,00","","64,40","","101,67","","","","-21,00","","Dégagé"
"1977-04-25 19:00","1977","04","25","19:00"," ","-18,40","","-20,60","","83,00","","0,00","","0,00","","64,40","","101,67","","","","","","Dégagé"
"1977-04-25 20:00","1977","04","25","20:00"," ","","","","","","","14,00","","4,00","","","","","","","","","","ND"
"1977-04-25 21:00","1977","04","25","21:00"," ","","","","","","","15,00","","7,00","","","","","","","","","","ND"
"1977-04-25 22:00","1977","04","25","22:00"," ","-21,80","","-23,60","","85,00","","15,00","","7,00","","64,40","","101,64","","","","-28,00","","Dégagé"
"1977-04-25 23:00","1977","04","25","23:00"," ","","","","","","","0,00","","0,00","","","","","","","","","","ND"
"1977-04-26 00:00","1977","04","26","00:00"," ","","","","","","","0,00","","0,00","","","","","","","","","","ND"
"1977-04-26 01:00","1977","04","26","01:00"," ","-24,30","","-26,10","","85,00","","0,00","","0,00","","64,40","","101,64","","","","","","Dégagé"
"1977-04-26 02:00","1977","04","26","02:00"," ","","","","","","","0,00","","0,00","","","","","","","","","","ND"
"1977-04-26 03:00","1977","04","26","03:00"," ","","","","","","","0,00","","0,00","","","","","","","","","","ND"
"1977-04-26 04:00","1977","04","26","04:00"," ","-24,60","","-26,10","","88,00","","0,00","","0,00","","64,40","","101,67","","","","","","Dégagé"
"1977-04-26 05:00","1977","04","26","05:00"," ","-25,00","","-26,60","","87,00","","7,00","","4,00","","64,40","","101,70","","","","-29,00","","Dégagé"
"1977-04-26 06:00","1977","04","26","06:00"," ","-24,70","","-27,10","","81,00","","0,00","","0,00","","64,40","","101,67","","","","","","Dégagé"
"1977-04-26 07:00","1977","04","26","07:00"," ","-24,20","","-26,60","","81,00","","0,00","","0,00","","64,40","","101,64","","","","","","Dégagé"
"1977-04-26 08:00","1977","04","26","08:00"," ","-24,00","","-26,60","","79,00","","15,00","","6,00","","64,40","","101,67","","","","-30,00","","Dégagé"
"1977-04-26 09:00","1977","04","26","09:00"," ","-23,30","","-26,00","","79,00","","15,00","","2,00","","32,20","","101,64","","","","-25,00","","Dégagé"
"1977-04-26 10:00","1977","04","26","10:00"," ","-22,50","","-25,00","","80,00","","16,00","","6,00","","32,20","","101,64","","","","-28,00","","Dégagé"
"1977-04-26 11:00","1977","04","26","11:00"," ","-20,80","","-24,20","","74,00","","0,00","","0,00","","32,20","","101,60","","","","","","Dégagé"
"1977-04-26 12:00","1977","04","26","12:00"," ","-20,40","","-23,60","","76,00","","22,00","","2,00","","64,40","","101,60","","","","-22,00","","Dégagé"
"1977-04-26 13:00","1977","04","26","13:00"," ","-19,40","","-21,00","","87,00","","18,00","","4,00","","64,40","","101,60","","","","-23,00","","Dégagé"
"1977-04-26 14:00","1977","04","26","14:00"," ","-19,20","","-21,90","","79,00","","20,00","","6,00","","64,40","","101,60","","","","-24,00","","Généralement dégagé"
"1977-04-26 15:00","1977","04","26","15:00"," ","-18,60","","-21,30","","80,00","","19,00","","4,00","","64,40","","101,60","","","","-22,00","","Généralement dégagé"
"1977-04-26 16:00","1977","04","26","16:00"," ","-18,10","","-20,10","","84,00","","18,00","","2,00","","64,40","","101,60","","","","-20,00","","Généralement dégagé"
"1977-04-26 17:00","1977","04","26","17:00"," ","","","","","","","0,00","","0,00","","","","","","","","","","ND"
"1977-04-26 18:00","1977","04","26","18:00"," ","","","","","","","17,00","","7,00","","","","","","","","","","ND"
"1977-04-26 19:00","1977","04","26","19:00"," ","-18,20","","-20,70","","81,00","","15,00","","6,00","","64,40","","101,60","","","","-23,00","","Généralement nuageux"
"1977-04-26 20:00","1977","04","26","20:00"," ","","","","","","","15,00","","7,00","","","","","","","","","","ND"
"1977-04-26 21:00","1977","04","26","21:00"," ","","","","","","","15,00","","9,00","","","","","","","","","","ND"
"1977-04-26 22:00","1977","04","26","22:00"," ","-20,60","","-22,00","","89,00","","15,00","","11,00","","64,40","","101,60","","","","-28,00","","Nuageux"
"1977-04-26 23:00","1977","04","26","23:00"," ","","","","","","","15,00","","11,00","","","","","","","","","","ND"
"1977-04-27 00:00","1977","04","27","00:00"," ","","","","","","","0,00","","0,00","","","","","","","","","","ND"
"1977-04-27 01:00","1977","04","27","01:00"," ","-23,10","","-24,60","","88,00","","0,00","","0,00","","64,40","","101,64","","","","","","Dégagé"
"1977-04-27 02:00","1977","04","27","02:00"," ","","","","","","","12,00","","4,00","","","","","","","","","","ND"
"1977-04-27 03:00","1977","04","27","03:00"," ","","","","","","","12,00","","6,00","","","","","","","","","","ND"
"1977-04-27 04:00","1977","04","27","04:00"," ","-24,10","","-26,60","","80,00","","0,00","","0,00","","64,40","","101,67","","","","","","Dégagé"
"1977-04-27 05:00","1977","04","27","05:00"," ","","","","","","","0,00","","0,00","","","","","","","","","","ND"
"1977-04-27 06:00","1977","04","27","06:00"," ","","","","","","","13,00","","6,00","","","","","","","","","","ND"
"1977-04-27 07:00","1977","04","27","07:00"," ","-22,00","","-24,40","","81,00","","15,00","","7,00","","64,40","","101,70","","","","-28,00","","Dégagé"
"1977-04-27 08:00","1977","04","27","08:00"," ","","","","","","","0,00","","0,00","","","","","","","","","","ND"
"1977-04-27 09:00","1977","04","27","09:00"," ","","","","","","","15,00","","9,00","","","","","","","","","","ND"
"1977-04-27 10:00","1977","04","27","10:00"," ","-20,30","","-22,00","","86,00","","15,00","","9,00","","64,40","","101,70","","","","-27,00","","Dégagé"
"1977-04-27 11:00","1977","04","27","11:00"," ","-18,80","","-21,10","","82,00","","15,00","","7,00","","64,40","","101,70","","","","-24,00","","Dégagé"
"1977-04-27 12:00","1977","04","27","12:00"," ","-18,50","","-20,60","","83,00","","15,00","","7,00","","64,40","","101,70","","","","-24,00","","Dégagé"
"1977-04-27 13:00","1977","04","27","13:00"," ","-17,80","","-19,40","","87,00","","15,00","","9,00","","64,40","","101,70","","","","-24,00","","Dégagé"
"1977-04-27 14:00","1977","04","27","14:00"," ","-18,10","","-20,70","","80,00","","16,00","","9,00","","64,40","","101,77","","","","-24,00","","Dégagé"
"1977-04-27 15:00","1977","04","27","15:00"," ","-15,50","","-18,40","","78,00","","18,00","","9,00","","64,40","","101,77","","","","-21,00","","Dégagé"
"1977-04-27 16:00","1977","04","27","16:00"," ","-15,60","","-17,90","","83,00","","16,00","","11,00","","64,40","","101,77","","","","-22,00","","Dégagé"
"1977-04-27 17:00","1977","04","27","17:00"," ","","","","","","","19,00","","9,00","","","","","","","","","","ND"
"1977-04-27 18:00","1977","04","27","18:00"," ","","","","","","","17,00","","9,00","","","","","","","","","","ND"
"1977-04-27 19:00","1977","04","27","19:00"," ","-15,30","","-19,00","","73,00","","25,00","","7,00","","64,40","","101,77","","","","-20,00","","Dégagé"
"1977-04-27 20:00","1977","04","27","20:00"," ","","","","","","","17,00","","6,00","","","","","","","","","","ND"
"1977-04-27 21:00","1977","04","27","21:00"," ","","","","","","","18,00","","6,00","","","","","","","","","","ND"
"1977-04-27 22:00","1977","04","27","22:00"," ","-17,80","","-22,10","","69,00","","16,00","","15,00","","64,40","","101,77","","","","-26,00","","Dégagé"
"1977-04-27 23:00","1977","04","27","23:00"," ","","","","","","","16,00","","13,00","","","","","","","","","","ND"
"1977-04-28 00:00","1977","04","28","00:00"," ","","","","","","","17,00","","11,00","","","","","","","","","","ND"
"1977-04-28 01:00","1977","04","28","01:00"," ","-19,90","","-25,60","","61,00","","17,00","","9,00","","64,40","","101,81","","","","-27,00","","Dégagé"
"1977-04-28 02:00","1977","04","28","02:00"," ","","","","","","","15,00","","11,00","","","","","","","","","","ND"
"1977-04-28 03:00","1977","04","28","03:00"," ","","","","","","","16,00","","17,00","","","","","","","","","","ND"
"1977-04-28 04:00","1977","04","28","04:00"," ","-21,30","","-26,70","","62,00","","15,00","","15,00","","64,40","","101,81","","","","-31,00","","Dégagé"
"1977-04-28 05:00","1977","04","28","05:00"," ","","","","","","","15,00","","15,00","","","","","","","","","","ND"
"1977-04-28 06:00","1977","04","28","06:00"," ","","","","","","","14,00","","17,00","","","","","","","","","","ND"
"1977-04-28 07:00","1977","04","28","07:00"," ","-21,10","","-25,00","","71,00","","16,00","","13,00","","64,40","","101,81","","","","-30,00","","Dégagé"
"1977-04-28 08:00","1977","04","28","08:00"," ","","","","","","","15,00","","15,00","","","","","","","","","","ND"
"1977-04-28 09:00","1977","04","28","09:00"," ","","","","","","","15,00","","17,00","","","","","","","","","","ND"
"1977-04-28 10:00","1977","04","28","10:00"," ","-18,50","","-22,00","","74,00","","18,00","","11,00","","64,40","","101,81","","","","-26,00","","Dégagé"
"1977-04-28 11:00","1977","04","28","11:00"," ","-16,80","","-19,60","","79,00","","15,00","","13,00","","64,40","","101,81","","","","-25,00","","Dégagé"
"1977-04-28 12:00","1977","04","28","12:00"," ","-16,00","","-19,00","","78,00","","17,00","","11,00","","64,40","","101,77","","","","-23,00","","Dégagé"
"1977-04-28 13:00","1977","04","28","13:00"," ","-15,20","","-17,80","","81,00","","17,00","","11,00","","64,40","","101,77","","","","-22,00","","Dégagé"
"1977-04-28 14:00","1977","04","28","14:00"," ","-14,80","","-17,80","","78,00","","19,00","","15,00","","64,40","","101,77","","","","-23,00","","Dégagé"
"1977-04-28 15:00","1977","04","28","15:00"," ","-14,40","","-17,30","","79,00","","18,00","","13,00","","64,40","","101,70","","","","-22,00","","Généralement dégagé"
"1977-04-28 16:00","1977","04","28","16:00"," ","-14,30","","-17,80","","75,00","","18,00","","15,00","","64,40","","101,70","","","","-22,00","","Généralement dégagé"
"1977-04-28 17:00","1977","04","28","17:00"," ","","","","","","","18,00","","13,00","","","","","","","","","","ND"
"1977-04-28 18:00","1977","04","28","18:00"," ","","","","","","","17,00","","11,00","","","","","","","","","","ND"
"1977-04-28 19:00","1977","04","28","19:00"," ","-13,30","","-17,70","","69,00","","24,00","","7,00","","64,40","","101,70","","","","-18,00","","Dégagé"
"1977-04-28 20:00","1977","04","28","20:00"," ","","","","","","","27,00","","9,00","","","","","","","","","","ND"
"1977-04-28 21:00","1977","04","28","21:00"," ","","","","","","","33,00","","7,00","","","","","","","","","","ND"
"1977-04-28 22:00","1977","04","28","22:00"," ","-17,20","","-20,90","","73,00","","33,00","","4,00","","64,40","","101,70","","","","-20,00","","Dégagé"
"1977-04-28 23:00","1977","04","28","23:00"," ","","","","","","","33,00","","6,00","","","","","","","","","","ND"
"1977-04-29 00:00","1977","04","29","00:00"," ","","","","","","","0,00","","0,00","","","","","","","","","","ND"
"1977-04-29 01:00","1977","04","29","01:00"," ","-18,90","","-21,10","","83,00","","33,00","","6,00","","64,40","","101,70","","","","-24,00","","Dégagé"
"1977-04-29 02:00","1977","04","29","02:00"," ","","","","","","","0,00","","0,00","","","","","","","","","","ND"
"1977-04-29 03:00","1977","04","29","03:00"," ","","","","","","","0,00","","0,00","","","","","","","","","","ND"
"1977-04-29 04:00","1977","04","29","04:00"," ","-20,90","","-27,00","","58,00","","23,00","","7,00","","64,40","","101,70","","","","-27,00","","Dégagé"
"1977-04-29 05:00","1977","04","29","05:00"," ","","","","","","","25,00","","4,00","","","","","","","","","","ND"
"1977-04-29 06:00","1977","04","29","06:00"," ","","","","","","","26,00","","9,00","","","","","","","","","","ND"
"1977-04-29 07:00","1977","04","29","07:00"," ","-21,30","","-25,70","","68,00","","20,00","","7,00","","64,40","","101,74","","","","-27,00","","Généralement dégagé"
"1977-04-29 08:00","1977","04","29","08:00"," ","","","","","","","27,00","","6,00","","","","","","","","","","ND"
"1977-04-29 09:00","1977","04","29","09:00"," ","","","","","","","21,00","","7,00","","","","","","","","","","ND"
"1977-04-29 10:00","1977","04","29","10:00"," ","-19,40","","-23,20","","72,00","","29,00","","6,00","","64,40","","101,67","","","","-24,00","","Généralement dégagé"
"1977-04-29 11:00","1977","04","29","11:00"," ","-18,90","","-21,90","","77,00","","24,00","","9,00","","64,40","","101,67","","","","-25,00","","Généralement nuageux"
"1977-04-29 12:00","1977","04","29","12:00"," ","-17,60","","-20,80","","76,00","","19,00","","7,00","","64,40","","101,67","","","","-23,00","","Généralement nuageux"
"1977-04-29 13:00","1977","04","29","13:00"," ","-17,30","","-20,80","","74,00","","24,00","","7,00","","64,40","","101,64","","","","-23,00","","Généralement nuageux"
"1977-04-29 14:00","1977","04","29","14:00"," ","-16,50","","-20,30","","73,00","","24,00","","6,00","","64,40","","101,64","","","","-21,00","","Généralement nuageux"
"1977-04-29 15:00","1977","04","29","15:00"," ","-15,70","","-19,00","","76,00","","25,00","","7,00","","64,40","","101,64","","","","-21,00","","Généralement nuageux"
"1977-04-29 16:00","1977","04","29","16:00"," ","-16,00","","-19,00","","78,00","","25,00","","6,00","","32,20","","101,57","","","","-20,00","","Généralement nuageux"
"1977-04-29 17:00","1977","04","29","17:00"," ","","","","","","","26,00","","9,00","","","","","","","","","","ND"
"1977-04-29 18:00","1977","04","29","18:00"," ","","","","","","","27,00","","7,00","","","","","","","","","","ND"
"1977-04-29 19:00","1977","04","29","19:00"," ","-15,30","","-18,40","","77,00","","28,00","","11,00","","64,40","","101,50","","","","-22,00","","Généralement nuageux"
"1977-04-29 20:00","1977","04","29","20:00"," ","","","","","","","30,00","","7,00","","","","","","","","","","ND"
"1977-04-29 21:00","1977","04","29","21:00"," ","","","","","","","28,00","","7,00","","","","","","","","","","ND"
"1977-04-29 22:00","1977","04","29","22:00"," ","-16,30","","-19,60","","75,00","","28,00","","7,00","","64,40","","101,40","","","","-21,00","","Généralement nuageux"
"1977-04-29 23:00","1977","04","29","23:00"," ","","","","","","","28,00","","11,00","","","","","","","","","","ND"
"1977-04-30 00:00","1977","04","30","00:00"," ","","","","","","","29,00","","11,00","","","","","","","","","","ND"
"1977-04-30 01:00","1977","04","30","01:00"," ","-15,90","","-19,00","","77,00","","31,00","","11,00","","32,20","","101,30","","","","-23,00","","Neige"
"1977-04-30 02:00","1977","04","30","02:00"," ","","","","","","","30,00","","7,00","","","","","","","","","","ND"
"1977-04-30 03:00","1977","04","30","03:00"," ","","","","","","","30,00","","7,00","","","","","","","","","","ND"
"1977-04-30 04:00","1977","04","30","04:00"," ","-16,50","","-18,40","","85,00","","26,00","","6,00","","16,10","","101,23","","","","-21,00","","Neige"
"1977-04-30 05:00","1977","04","30","05:00"," ","","","","","","","1,00","","9,00","","","","","","","","","","ND"
"1977-04-30 06:00","1977","04","30","06:00"," ","","","","","","","25,00","","9,00","","","","","","","","","","ND"
"1977-04-30 07:00","1977","04","30","07:00"," ","-15,60","","-16,30","","95,00","","24,00","","9,00","","9,70","","101,20","","","","-22,00","","Neige"
"1977-04-30 08:00","1977","04","30","08:00"," ","","","","","","","25,00","","2,00","","","","","","","","","","ND"
"1977-04-30 09:00","1977","04","30","09:00"," ","","","","","","","28,00","","13,00","","","","","","","","","","ND"
"1977-04-30 10:00","1977","04","30","10:00"," ","-14,30","","-16,70","","82,00","","28,00","","11,00","","16,10","","101,16","","","","-21,00","","Neige"
"1977-04-30 11:00","1977","04","30","11:00"," ","-14,30","","-16,70","","82,00","","28,00","","15,00","","16,10","","101,13","","","","-22,00","","Neige"
"1977-04-30 12:00","1977","04","30","12:00"," ","-14,60","","-17,30","","80,00","","28,00","","15,00","","16,10","","101,13","","","","-22,00","","Neige"
"1977-04-30 13:00","1977","04","30","13:00"," ","-13,60","","-16,60","","78,00","","28,00","","15,00","","64,40","","101,10","","","","-21,00","","Nuageux"
"1977-04-30 14:00","1977","04","30","14:00"," ","-13,00","","-16,50","","75,00","","28,00","","15,00","","64,40","","101,10","","","","-20,00","","Nuageux"
"1977-04-30 15:00","1977","04","30","15:00"," ","-12,40","","-15,90","","75,00","","27,00","","19,00","","64,40","","101,10","","","","-21,00","","Généralement nuageux"
"1977-04-30 16:00","1977","04","30","16:00"," ","-12,40","","-15,90","","75,00","","28,00","","19,00","","64,40","","101,06","","","","-21,00","","Généralement nuageux"
"1977-04-30 17:00","1977","04","30","17:00"," ","","","","","","","27,00","","17,00","","","","","","","","","","ND"
"1977-04-30 18:00","1977","04","30","18:00"," ","","","","","","","27,00","","17,00","","","","","","","","","","ND"
"1977-04-30 19:00","1977","04","30","19:00"," ","-12,30","","-18,70","","59,00","","29,00","","6,00","","64,40","","101,10","","","","-16,00","","Dégagé"
"1977-04-30 20:00","1977","04","30","20:00"," ","","","","","","","33,00","","6,00","","","","","","","","","","ND"
"1977-04-30 21:00","1977","04","30","21:00"," ","","","","","","","33,00","","4,00","","","","","","","","","","ND"
"1977-04-30 22:00","1977","04","30","22:00"," ","-15,30","","-19,70","","69,00","","5,00","","6,00","","64,40","","101,10","","","","-20,00","","Dégagé"
"1977-04-30 23:00","1977","04","30","23:00"," ","","","","","","","33,00","","11,00","","","","","","","","","","ND"
