"Nom de la Station","EUREKA"
"Province","NUNAVUT"
"Latitude","79,98"
"Longitude","-85,93"
"Altitude","10,40"
"Identification Climat","2401200"
"Identification OMM","71917"
"Identification TC","WEU"
"Toutes les heures sont exprimées en heure normale locale (HNL). Pour convertir l'heure locale en heure avancée de l'Est (HAE), ajoutez 1 heure s'il y a lieu."

"Légende"
"M","Données Manquantes"
"E","Valeur Estimée"
"ND","Non Disponible"
"**","Données fournies par un partenaire, non assujetties à un révision par les Archives climatiques nationales du Canada"

"Date/Heure","Année","Mois","Jour","Heure","Qualité des Données","Temp (°C)","Temp Indicateur","Point de rosée (°C)","Point de rosée Indicateur","Hum. rel (%)","Hum. rel. Indicateur","Dir. du vent (10s deg)","Dir. du vent Indicateur","Vit. du vent (km/h)","Vit. du vent Indicateur","Visibilité (km)","Visibilité Indicateur","Pression à la station (kPa)","Pression à la station Indicateur","Hmdx","Hmdx Indicateur","Refroid. éolien","Refroid. éolien Indicateur","Temps"
"1979-06-01 00:00","1979","06","01","00:00"," ","","","","","","","26,00","","22,00","","","","","","","","","","ND"
"1979-06-01 01:00","1979","06","01","01:00"," ","-7,50","","-9,90","","83,00","","26,00","","19,00","","64,40","","101,26","","","","-15,00","","Dégagé"
"1979-06-01 02:00","1979","06","01","02:00"," ","","","","","","","26,00","","24,00","","","","","","","","","","ND"
"1979-06-01 03:00","1979","06","01","03:00"," ","","","","","","","28,00","","19,00","","","","","","","","","","ND"
"1979-06-01 04:00","1979","06","01","04:00"," ","-7,60","","-10,60","","79,00","","28,00","","15,00","","64,40","","101,37","","","","-14,00","","Dégagé"
"1979-06-01 05:00","1979","06","01","05:00"," ","","","","","","","26,00","","26,00","","","","","","","","","","ND"
"1979-06-01 06:00","1979","06","01","06:00"," ","","","","","","","26,00","","22,00","","","","","","","","","","ND"
"1979-06-01 07:00","1979","06","01","07:00"," ","-6,60","","-10,00","","77,00","","26,00","","19,00","","64,40","","101,40","","","","-13,00","","Dégagé"
"1979-06-01 08:00","1979","06","01","08:00"," ","","","","","","","27,00","","11,00","","","","","","","","","","ND"
"1979-06-01 09:00","1979","06","01","09:00"," ","","","","","","","26,00","","22,00","","","","","","","","","","ND"
"1979-06-01 10:00","1979","06","01","10:00"," ","-6,00","","-8,10","","85,00","","25,00","","22,00","","64,40","","101,43","","","","-13,00","","Dégagé"
"1979-06-01 11:00","1979","06","01","11:00"," ","-5,70","","-7,10","","90,00","","26,00","","22,00","","64,40","","101,43","","","","-13,00","","Dégagé"
"1979-06-01 12:00","1979","06","01","12:00"," ","-5,60","","-7,50","","86,00","","25,00","","24,00","","64,40","","101,47","","","","-13,00","","Dégagé"
"1979-06-01 13:00","1979","06","01","13:00"," ","-5,00","","-7,90","","80,00","","26,00","","26,00","","64,40","","101,47","","","","-12,00","","Dégagé"
"1979-06-01 14:00","1979","06","01","14:00"," ","-5,30","","-7,80","","82,00","","25,00","","24,00","","64,40","","101,50","","","","-13,00","","Dégagé"
"1979-06-01 15:00","1979","06","01","15:00"," ","-4,50","","-6,60","","85,00","","25,00","","19,00","","64,40","","101,54","","","","-11,00","","Dégagé"
"1979-06-01 16:00","1979","06","01","16:00"," ","-4,00","","-6,60","","82,00","","25,00","","19,00","","64,40","","101,54","","","","-10,00","","Dégagé"
"1979-06-01 17:00","1979","06","01","17:00"," ","","","","","","","25,00","","17,00","","","","","","","","","","ND"
"1979-06-01 18:00","1979","06","01","18:00"," ","","","","","","","25,00","","15,00","","","","","","","","","","ND"
"1979-06-01 19:00","1979","06","01","19:00"," ","-4,20","","-7,00","","81,00","","27,00","","4,00","","64,40","","101,57","","","","-6,00","","Dégagé"
"1979-06-01 20:00","1979","06","01","20:00"," ","","","","","","","27,00","","6,00","","","","","","","","","","ND"
"1979-06-01 21:00","1979","06","01","21:00"," ","","","","","","","36,00","","7,00","","","","","","","","","","ND"
"1979-06-01 22:00","1979","06","01","22:00"," ","-5,70","","-7,80","","85,00","","33,00","","7,00","","64,40","","101,64","","","","-9,00","","Dégagé"
"1979-06-01 23:00","1979","06","01","23:00"," ","","","","","","","34,00","","7,00","","","","","","","","","","ND"
"1979-06-02 00:00","1979","06","02","00:00"," ","","","","","","","34,00","","7,00","","","","","","","","","","ND"
"1979-06-02 01:00","1979","06","02","01:00"," ","-7,10","","-9,30","","84,00","","34,00","","9,00","","64,40","","101,64","","","","-11,00","","Dégagé"
"1979-06-02 02:00","1979","06","02","02:00"," ","","","","","","","34,00","","11,00","","","","","","","","","","ND"
"1979-06-02 03:00","1979","06","02","03:00"," ","","","","","","","35,00","","15,00","","","","","","","","","","ND"
"1979-06-02 04:00","1979","06","02","04:00"," ","-7,10","","-9,60","","82,00","","33,00","","9,00","","64,40","","101,67","","","","-11,00","","Généralement dégagé"
"1979-06-02 05:00","1979","06","02","05:00"," ","","","","","","","30,00","","9,00","","","","","","","","","","ND"
"1979-06-02 06:00","1979","06","02","06:00"," ","","","","","","","30,00","","11,00","","","","","","","","","","ND"
"1979-06-02 07:00","1979","06","02","07:00"," ","-7,00","","-9,30","","84,00","","28,00","","9,00","","64,40","","101,70","","","","-11,00","","Généralement nuageux"
"1979-06-02 08:00","1979","06","02","08:00"," ","","","","","","","27,00","","7,00","","","","","","","","","","ND"
"1979-06-02 09:00","1979","06","02","09:00"," ","","","","","","","26,00","","11,00","","","","","","","","","","ND"
"1979-06-02 10:00","1979","06","02","10:00"," ","-6,30","","-8,70","","83,00","","23,00","","7,00","","64,40","","101,67","","","","-10,00","","Généralement nuageux"
"1979-06-02 11:00","1979","06","02","11:00"," ","-6,20","","-8,10","","86,00","","24,00","","9,00","","64,40","","101,64","","","","-10,00","","Généralement nuageux"
"1979-06-02 12:00","1979","06","02","12:00"," ","-5,40","","-8,20","","80,00","","17,00","","6,00","","64,40","","101,60","","","","-8,00","","Généralement nuageux"
"1979-06-02 13:00","1979","06","02","13:00"," ","-5,90","","-7,70","","87,00","","26,00","","11,00","","64,40","","101,60","","","","-11,00","","Généralement nuageux"
"1979-06-02 14:00","1979","06","02","14:00"," ","-4,80","","-7,50","","81,00","","17,00","","9,00","","64,40","","101,57","","","","-9,00","","Généralement nuageux"
"1979-06-02 15:00","1979","06","02","15:00"," ","-4,90","","-7,20","","84,00","","18,00","","6,00","","64,40","","101,57","","","","-8,00","","Généralement dégagé"
"1979-06-02 16:00","1979","06","02","16:00"," ","-4,20","","-6,60","","83,00","","15,00","","9,00","","64,40","","101,57","","","","-8,00","","Généralement dégagé"
"1979-06-02 17:00","1979","06","02","17:00"," ","","","","","","","16,00","","11,00","","","","","","","","","","ND"
"1979-06-02 18:00","1979","06","02","18:00"," ","","","","","","","15,00","","11,00","","","","","","","","","","ND"
"1979-06-02 19:00","1979","06","02","19:00"," ","-4,50","","-6,60","","85,00","","20,00","","7,00","","64,40","","101,47","","","","-8,00","","Généralement dégagé"
"1979-06-02 20:00","1979","06","02","20:00"," ","","","","","","","17,00","","7,00","","","","","","","","","","ND"
"1979-06-02 21:00","1979","06","02","21:00"," ","","","","","","","16,00","","17,00","","","","","","","","","","ND"
"1979-06-02 22:00","1979","06","02","22:00"," ","-5,00","","-7,90","","80,00","","15,00","","20,00","","64,40","","101,43","","","","-12,00","","Généralement dégagé"
"1979-06-02 23:00","1979","06","02","23:00"," ","","","","","","","13,00","","20,00","","","","","","","","","","ND"
"1979-06-03 00:00","1979","06","03","00:00"," ","","","","","","","13,00","","22,00","","","","","","","","","","ND"
"1979-06-03 01:00","1979","06","03","01:00"," ","-6,20","","-8,40","","85,00","","13,00","","28,00","","64,40","","101,33","","","","-14,00","","Généralement nuageux"
"1979-06-03 02:00","1979","06","03","02:00"," ","","","","","","","14,00","","30,00","","","","","","","","","","ND"
"1979-06-03 03:00","1979","06","03","03:00"," ","","","","","","","14,00","","30,00","","","","","","","","","","ND"
"1979-06-03 04:00","1979","06","03","04:00"," ","-8,20","","-9,50","","90,00","","14,00","","30,00","","64,40","","101,26","","","","-17,00","","Généralement nuageux"
"1979-06-03 05:00","1979","06","03","05:00"," ","","","","","","","13,00","","37,00","","","","","","","","","","ND"
"1979-06-03 06:00","1979","06","03","06:00"," ","","","","","","","13,00","","31,00","","","","","","","","","","ND"
"1979-06-03 07:00","1979","06","03","07:00"," ","-5,90","","-8,80","","80,00","","13,00","","35,00","","64,40","","101,26","","","","-15,00","","Nuageux"
"1979-06-03 08:00","1979","06","03","08:00"," ","","","","","","","15,00","","35,00","","","","","","","","","","ND"
"1979-06-03 09:00","1979","06","03","09:00"," ","","","","","","","14,00","","33,00","","","","","","","","","","ND"
"1979-06-03 10:00","1979","06","03","10:00"," ","-4,20","","-8,30","","73,00","","15,00","","41,00","","64,40","","101,16","","","","-13,00","","Nuageux"
"1979-06-03 11:00","1979","06","03","11:00"," ","-4,60","","-7,60","","79,00","","13,00","","41,00","","64,40","","101,10","","","","-14,00","","Généralement nuageux"
"1979-06-03 12:00","1979","06","03","12:00"," ","-4,40","","-7,30","","80,00","","13,00","","37,00","","64,40","","101,06","","","","-13,00","","Généralement nuageux"
"1979-06-03 13:00","1979","06","03","13:00"," ","-5,00","","-7,90","","80,00","","17,00","","35,00","","64,40","","101,10","","","","-14,00","","Généralement nuageux"
"1979-06-03 14:00","1979","06","03","14:00"," ","-4,70","","-7,30","","82,00","","14,00","","31,00","","64,40","","101,10","","","","-13,00","","Généralement nuageux"
"1979-06-03 15:00","1979","06","03","15:00"," ","-4,50","","-7,30","","81,00","","15,00","","33,00","","32,20","","101,10","","","","-13,00","","Généralement dégagé"
"1979-06-03 16:00","1979","06","03","16:00"," ","-4,40","","-7,30","","80,00","","16,00","","30,00","","32,20","","101,10","","","","-12,00","","Généralement dégagé"
"1979-06-03 17:00","1979","06","03","17:00"," ","","","","","","","14,00","","35,00","","","","","","","","","","ND"
"1979-06-03 18:00","1979","06","03","18:00"," ","","","","","","","13,00","","41,00","","","","","","","","","","ND"
"1979-06-03 19:00","1979","06","03","19:00"," ","-5,50","","-8,20","","81,00","","12,00","","37,00","","32,20","","101,06","","","","-14,00","","Généralement nuageux"
"1979-06-03 20:00","1979","06","03","20:00"," ","","","","","","","11,00","","28,00","","","","","","","","","","ND"
"1979-06-03 21:00","1979","06","03","21:00"," ","","","","","","","12,00","","19,00","","","","","","","","","","ND"
"1979-06-03 22:00","1979","06","03","22:00"," ","-5,20","","-7,20","","86,00","","12,00","","26,00","","64,40","","101,10","","","","-13,00","","Généralement dégagé"
"1979-06-03 23:00","1979","06","03","23:00"," ","","","","","","","13,00","","26,00","","","","","","","","","","ND"
"1979-06-04 00:00","1979","06","04","00:00"," ","","","","","","","13,00","","33,00","","","","","","","","","","ND"
"1979-06-04 01:00","1979","06","04","01:00"," ","-6,60","","-8,70","","85,00","","13,00","","30,00","","64,40","","101,10","","","","-15,00","","Généralement nuageux"
"1979-06-04 02:00","1979","06","04","02:00"," ","","","","","","","13,00","","26,00","","","","","","","","","","ND"
"1979-06-04 03:00","1979","06","04","03:00"," ","","","","","","","14,00","","26,00","","","","","","","","","","ND"
"1979-06-04 04:00","1979","06","04","04:00"," ","-6,50","","-8,30","","87,00","","13,00","","26,00","","64,40","","101,13","","","","-14,00","","Généralement nuageux"
"1979-06-04 05:00","1979","06","04","05:00"," ","","","","","","","14,00","","31,00","","","","","","","","","","ND"
"1979-06-04 06:00","1979","06","04","06:00"," ","","","","","","","15,00","","31,00","","","","","","","","","","ND"
"1979-06-04 07:00","1979","06","04","07:00"," ","-5,10","","-6,60","","89,00","","13,00","","26,00","","64,40","","101,10","","","","-13,00","","Généralement nuageux"
"1979-06-04 08:00","1979","06","04","08:00"," ","","","","","","","15,00","","28,00","","","","","","","","","","ND"
"1979-06-04 09:00","1979","06","04","09:00"," ","","","","","","","16,00","","28,00","","","","","","","","","","ND"
"1979-06-04 10:00","1979","06","04","10:00"," ","-4,90","","-6,90","","86,00","","15,00","","31,00","","64,40","","100,99","","","","-13,00","","Généralement nuageux"
"1979-06-04 11:00","1979","06","04","11:00"," ","-4,70","","-7,30","","82,00","","15,00","","30,00","","64,40","","100,93","","","","-13,00","","Nuageux"
"1979-06-04 12:00","1979","06","04","12:00"," ","-4,40","","-6,90","","83,00","","15,00","","31,00","","64,40","","100,89","","","","-12,00","","Nuageux"
"1979-06-04 13:00","1979","06","04","13:00"," ","-3,30","","-6,00","","81,00","","16,00","","31,00","","32,20","","100,89","","","","-11,00","","Nuageux"
"1979-06-04 14:00","1979","06","04","14:00"," ","-3,50","","-6,70","","78,00","","16,00","","28,00","","32,20","","100,89","","","","-11,00","","Nuageux"
"1979-06-04 15:00","1979","06","04","15:00"," ","-2,80","","-5,40","","82,00","","15,00","","33,00","","64,40","","100,86","","","","-10,00","","Généralement nuageux"
"1979-06-04 16:00","1979","06","04","16:00"," ","-2,90","","-5,10","","85,00","","16,00","","26,00","","32,20","","100,86","","","","-10,00","","Nuageux"
"1979-06-04 17:00","1979","06","04","17:00"," ","","","","","","","17,00","","28,00","","","","","","","","","","ND"
"1979-06-04 18:00","1979","06","04","18:00"," ","","","","","","","14,00","","30,00","","","","","","","","","","ND"
"1979-06-04 19:00","1979","06","04","19:00"," ","-2,50","","-4,20","","88,00","","14,00","","20,00","","64,40","","100,82","","","","-8,00","","Généralement nuageux"
"1979-06-04 20:00","1979","06","04","20:00"," ","","","","","","","14,00","","19,00","","","","","","","","","","ND"
"1979-06-04 21:00","1979","06","04","21:00"," ","","","","","","","12,00","","19,00","","","","","","","","","","ND"
"1979-06-04 22:00","1979","06","04","22:00"," ","-3,80","","-5,40","","89,00","","13,00","","19,00","","64,40","","100,76","","","","-10,00","","Généralement nuageux"
"1979-06-04 23:00","1979","06","04","23:00"," ","","","","","","","15,00","","11,00","","","","","","","","","","ND"
"1979-06-05 00:00","1979","06","05","00:00"," ","","","","","","","13,00","","13,00","","","","","","","","","","ND"
"1979-06-05 01:00","1979","06","05","01:00"," ","-4,00","","-5,40","","90,00","","13,00","","9,00","","64,40","","100,76","","","","-8,00","","Généralement nuageux"
"1979-06-05 02:00","1979","06","05","02:00"," ","","","","","","","13,00","","4,00","","","","","","","","","","ND"
"1979-06-05 03:00","1979","06","05","03:00"," ","","","","","","","12,00","","4,00","","","","","","","","","","ND"
"1979-06-05 04:00","1979","06","05","04:00"," ","-4,50","","-6,30","","87,00","","15,00","","4,00","","64,40","","100,79","","","","-6,00","","Généralement dégagé"
"1979-06-05 05:00","1979","06","05","05:00"," ","","","","","","","13,00","","6,00","","","","","","","","","","ND"
"1979-06-05 06:00","1979","06","05","06:00"," ","","","","","","","14,00","","13,00","","","","","","","","","","ND"
"1979-06-05 07:00","1979","06","05","07:00"," ","-3,20","","-5,40","","85,00","","14,00","","11,00","","64,40","","100,79","","","","-7,00","","Généralement nuageux"
"1979-06-05 08:00","1979","06","05","08:00"," ","","","","","","","16,00","","7,00","","","","","","","","","","ND"
"1979-06-05 09:00","1979","06","05","09:00"," ","","","","","","","17,00","","6,00","","","","","","","","","","ND"
"1979-06-05 10:00","1979","06","05","10:00"," ","-1,70","","-3,60","","87,00","","17,00","","4,00","","64,40","","100,76","","","","-3,00","","Généralement nuageux"
"1979-06-05 11:00","1979","06","05","11:00"," ","-2,30","","-6,00","","76,00","","27,00","","7,00","","64,40","","100,79","","","","-5,00","","Généralement nuageux"
"1979-06-05 12:00","1979","06","05","12:00"," ","-1,80","","-4,80","","80,00","","25,00","","11,00","","64,40","","100,76","","","","-6,00","","Généralement nuageux"
"1979-06-05 13:00","1979","06","05","13:00"," ","-1,50","","-4,50","","80,00","","25,00","","11,00","","64,40","","100,76","","","","-5,00","","Généralement nuageux"
"1979-06-05 14:00","1979","06","05","14:00"," ","-1,20","","-3,30","","86,00","","24,00","","15,00","","64,40","","100,76","","","","-6,00","","Généralement nuageux"
"1979-06-05 15:00","1979","06","05","15:00"," ","-1,40","","-3,60","","85,00","","25,00","","17,00","","64,40","","100,79","","","","-7,00","","Généralement nuageux"
"1979-06-05 16:00","1979","06","05","16:00"," ","-0,50","","-3,20","","82,00","","25,00","","15,00","","64,40","","100,76","","","","-5,00","","Généralement nuageux"
"1979-06-05 17:00","1979","06","05","17:00"," ","","","","","","","25,00","","17,00","","","","","","","","","","ND"
"1979-06-05 18:00","1979","06","05","18:00"," ","","","","","","","25,00","","19,00","","","","","","","","","","ND"
"1979-06-05 19:00","1979","06","05","19:00"," ","-1,60","","-4,50","","81,00","","26,00","","19,00","","64,40","","100,79","","","","-7,00","","Généralement nuageux"
"1979-06-05 20:00","1979","06","05","20:00"," ","","","","","","","26,00","","19,00","","","","","","","","","","ND"
"1979-06-05 21:00","1979","06","05","21:00"," ","","","","","","","26,00","","15,00","","","","","","","","","","ND"
"1979-06-05 22:00","1979","06","05","22:00"," ","-2,10","","-3,90","","88,00","","27,00","","15,00","","64,40","","100,82","","","","-7,00","","Généralement nuageux"
"1979-06-05 23:00","1979","06","05","23:00"," ","","","","","","","27,00","","13,00","","","","","","","","","","ND"
"1979-06-06 00:00","1979","06","06","00:00"," ","","","","","","","26,00","","17,00","","","","","","","","","","ND"
"1979-06-06 01:00","1979","06","06","01:00"," ","-3,00","","-4,80","","87,00","","25,00","","9,00","","64,40","","100,93","","","","-7,00","","Généralement nuageux"
"1979-06-06 02:00","1979","06","06","02:00"," ","","","","","","","27,00","","7,00","","","","","","","","","","ND"
"1979-06-06 03:00","1979","06","06","03:00"," ","","","","","","","30,00","","9,00","","","","","","","","","","ND"
"1979-06-06 04:00","1979","06","06","04:00"," ","-3,40","","-5,10","","88,00","","35,00","","6,00","","64,40","","101,06","","","","-6,00","","Généralement dégagé"
"1979-06-06 05:00","1979","06","06","05:00"," ","","","","","","","3,00","","4,00","","","","","","","","","","ND"
"1979-06-06 06:00","1979","06","06","06:00"," ","","","","","","","35,00","","6,00","","","","","","","","","","ND"
"1979-06-06 07:00","1979","06","06","07:00"," ","-2,10","","-4,50","","84,00","","26,00","","15,00","","64,40","","101,16","","","","-7,00","","Généralement dégagé"
"1979-06-06 08:00","1979","06","06","08:00"," ","","","","","","","25,00","","13,00","","","","","","","","","","ND"
"1979-06-06 09:00","1979","06","06","09:00"," ","","","","","","","25,00","","15,00","","","","","","","","","","ND"
"1979-06-06 10:00","1979","06","06","10:00"," ","-2,00","","-3,60","","89,00","","26,00","","19,00","","64,40","","101,23","","","","-8,00","","Nuageux"
"1979-06-06 11:00","1979","06","06","11:00"," ","-2,30","","-4,80","","83,00","","25,00","","20,00","","64,40","","101,23","","","","-8,00","","Nuageux"
"1979-06-06 12:00","1979","06","06","12:00"," ","-1,20","","-3,30","","86,00","","26,00","","19,00","","64,40","","101,26","","","","-7,00","","Généralement nuageux"
"1979-06-06 13:00","1979","06","06","13:00"," ","-1,50","","-4,20","","82,00","","26,00","","19,00","","64,40","","101,26","","","","-7,00","","Généralement nuageux"
"1979-06-06 14:00","1979","06","06","14:00"," ","-1,00","","-2,70","","88,00","","26,00","","19,00","","64,40","","101,26","","","","-6,00","","Généralement nuageux"
"1979-06-06 15:00","1979","06","06","15:00"," ","-0,50","","-3,20","","82,00","","27,00","","19,00","","64,40","","101,33","","","","-6,00","","Généralement nuageux"
"1979-06-06 16:00","1979","06","06","16:00"," ","-0,40","","-3,50","","79,00","","26,00","","20,00","","64,40","","101,30","","","","-6,00","","Généralement nuageux"
"1979-06-06 17:00","1979","06","06","17:00"," ","","","","","","","26,00","","19,00","","","","","","","","","","ND"
"1979-06-06 18:00","1979","06","06","18:00"," ","","","","","","","26,00","","17,00","","","","","","","","","","ND"
"1979-06-06 19:00","1979","06","06","19:00"," ","-1,50","","-3,90","","84,00","","26,00","","13,00","","64,40","","101,37","","","","-6,00","","Généralement nuageux"
"1979-06-06 20:00","1979","06","06","20:00"," ","","","","","","","33,00","","11,00","","","","","","","","","","ND"
"1979-06-06 21:00","1979","06","06","21:00"," ","","","","","","","26,00","","17,00","","","","","","","","","","ND"
"1979-06-06 22:00","1979","06","06","22:00"," ","-0,80","","-2,70","","87,00","","32,00","","11,00","","64,40","","101,33","","","","-5,00","","Généralement dégagé"
"1979-06-06 23:00","1979","06","06","23:00"," ","","","","","","","","","","","","","","","","","","",""
"1979-06-07 00:00","1979","06","07","00:00"," ","","","","","","","","","","","","","","","","","","",""
"1979-06-07 01:00","1979","06","07","01:00"," ","-2,00","","-3,90","","87,00","","25,00","","22,00","","64,40","","101,26","","","","-8,00","","Généralement nuageux"
"1979-06-07 02:00","1979","06","07","02:00"," ","","","","","","","27,00","","15,00","","","","","","","","","","ND"
"1979-06-07 03:00","1979","06","07","03:00"," ","","","","","","","27,00","","22,00","","","","","","","","","","ND"
"1979-06-07 04:00","1979","06","07","04:00"," ","-1,40","","-2,50","","92,00","","26,00","","28,00","","64,40","","101,23","","","","-8,00","","Généralement nuageux"
"1979-06-07 05:00","1979","06","07","05:00"," ","","","","","","","25,00","","28,00","","","","","","","","","","ND"
"1979-06-07 06:00","1979","06","07","06:00"," ","","","","","","","26,00","","24,00","","","","","","","","","","ND"
"1979-06-07 07:00","1979","06","07","07:00"," ","-0,90","","-6,00","","68,00","","25,00","","20,00","","64,40","","101,16","","","","-6,00","","Généralement nuageux"
"1979-06-07 08:00","1979","06","07","08:00"," ","","","","","","","27,00","","19,00","","","","","","","","","","ND"
"1979-06-07 09:00","1979","06","07","09:00"," ","","","","","","","25,00","","20,00","","","","","","","","","","ND"
"1979-06-07 10:00","1979","06","07","10:00"," ","-0,20","","-5,30","","69,00","","26,00","","26,00","","64,40","","101,06","","","","-6,00","","Généralement nuageux"
"1979-06-07 11:00","1979","06","07","11:00"," ","-0,50","","-5,30","","70,00","","27,00","","19,00","","64,40","","101,06","","","","-6,00","","Généralement nuageux"
"1979-06-07 12:00","1979","06","07","12:00"," ","0,40","","-4,70","","68,00","","25,00","","26,00","","64,40","","101,03","","","","","","Généralement nuageux"
"1979-06-07 13:00","1979","06","07","13:00"," ","0,50","","-4,90","","67,00","","25,00","","28,00","","64,40","","101,03","","","","","","Généralement nuageux"
"1979-06-07 14:00","1979","06","07","14:00"," ","0,40","","-4,70","","68,00","","26,00","","22,00","","64,40","","100,99","","","","","","Généralement nuageux"
"1979-06-07 15:00","1979","06","07","15:00"," ","0,50","","-4,90","","67,00","","26,00","","24,00","","64,40","","100,99","","","","","","Généralement nuageux"
"1979-06-07 16:00","1979","06","07","16:00"," ","0,40","","-4,40","","70,00","","26,00","","33,00","","64,40","","100,96","","","","","","Généralement nuageux"
"1979-06-07 17:00","1979","06","07","17:00"," ","","","","","","","26,00","","31,00","","","","","","","","","","ND"
"1979-06-07 18:00","1979","06","07","18:00"," ","","","","","","","26,00","","39,00","","","","","","","","","","ND"
"1979-06-07 19:00","1979","06","07","19:00"," ","-1,70","","-3,90","","85,00","","26,00","","37,00","","64,40","","100,93","","","","-9,00","","Généralement dégagé"
"1979-06-07 20:00","1979","06","07","20:00"," ","","","","","","","26,00","","33,00","","","","","","","","","","ND"
"1979-06-07 21:00","1979","06","07","21:00"," ","","","","","","","26,00","","41,00","","","","","","","","","","ND"
"1979-06-07 22:00","1979","06","07","22:00"," ","-3,00","","-4,80","","87,00","","26,00","","30,00","","64,40","","100,93","","","","-10,00","","Généralement dégagé"
"1979-06-07 23:00","1979","06","07","23:00"," ","","","","","","","25,00","","31,00","","","","","","","","","","ND"
"1979-06-08 00:00","1979","06","08","00:00"," ","","","","","","","25,00","","22,00","","","","","","","","","","ND"
"1979-06-08 01:00","1979","06","08","01:00"," ","-4,00","","-6,00","","86,00","","25,00","","30,00","","64,40","","100,99","","","","-12,00","","Généralement dégagé"
"1979-06-08 02:00","1979","06","08","02:00"," ","","","","","","","26,00","","30,00","","","","","","","","","","ND"
"1979-06-08 03:00","1979","06","08","03:00"," ","","","","","","","25,00","","31,00","","","","","","","","","","ND"
"1979-06-08 04:00","1979","06","08","04:00"," ","-4,50","","-6,60","","85,00","","26,00","","28,00","","64,40","","101,06","","","","-12,00","","Généralement dégagé"
"1979-06-08 05:00","1979","06","08","05:00"," ","","","","","","","25,00","","22,00","","","","","","","","","","ND"
"1979-06-08 06:00","1979","06","08","06:00"," ","","","","","","","26,00","","24,00","","","","","","","","","","ND"
"1979-06-08 07:00","1979","06","08","07:00"," ","-4,00","","-7,00","","80,00","","26,00","","22,00","","64,40","","101,10","","","","-11,00","","Généralement dégagé"
"1979-06-08 08:00","1979","06","08","08:00"," ","","","","","","","25,00","","30,00","","","","","","","","","","ND"
"1979-06-08 09:00","1979","06","08","09:00"," ","","","","","","","24,00","","28,00","","","","","","","","","","ND"
"1979-06-08 10:00","1979","06","08","10:00"," ","-4,00","","-6,60","","82,00","","25,00","","28,00","","64,40","","101,10","","","","-11,00","","Dégagé"
"1979-06-08 11:00","1979","06","08","11:00"," ","-3,40","","-6,00","","82,00","","25,00","","33,00","","64,40","","101,10","","","","-11,00","","Généralement dégagé"
"1979-06-08 12:00","1979","06","08","12:00"," ","-3,80","","-6,60","","81,00","","25,00","","37,00","","64,40","","101,10","","","","-12,00","","Dégagé"
"1979-06-08 13:00","1979","06","08","13:00"," ","-3,20","","-5,70","","83,00","","25,00","","37,00","","64,40","","101,10","","","","-11,00","","Dégagé"
"1979-06-08 14:00","1979","06","08","14:00"," ","-3,30","","-6,00","","81,00","","25,00","","39,00","","64,40","","101,13","","","","-12,00","","Dégagé"
"1979-06-08 15:00","1979","06","08","15:00"," ","-3,20","","-5,40","","85,00","","25,00","","37,00","","64,40","","101,13","","","","-11,00","","Dégagé"
"1979-06-08 16:00","1979","06","08","16:00"," ","-3,20","","-5,10","","87,00","","26,00","","35,00","","64,40","","101,10","","","","-11,00","","Dégagé"
"1979-06-08 17:00","1979","06","08","17:00"," ","","","","","","","26,00","","37,00","","","","","","","","","","ND"
"1979-06-08 18:00","1979","06","08","18:00"," ","","","","","","","26,00","","41,00","","","","","","","","","","ND"
"1979-06-08 19:00","1979","06","08","19:00"," ","-3,70","","-5,70","","86,00","","25,00","","37,00","","64,40","","101,13","","","","-12,00","","Généralement dégagé"
"1979-06-08 20:00","1979","06","08","20:00"," ","","","","","","","26,00","","37,00","","","","","","","","","","ND"
"1979-06-08 21:00","1979","06","08","21:00"," ","","","","","","","26,00","","37,00","","","","","","","","","","ND"
"1979-06-08 22:00","1979","06","08","22:00"," ","-4,30","","-7,30","","79,00","","26,00","","33,00","","64,40","","101,16","","","","-12,00","","Généralement dégagé"
"1979-06-08 23:00","1979","06","08","23:00"," ","","","","","","","26,00","","33,00","","","","","","","","","","ND"
"1979-06-09 00:00","1979","06","09","00:00"," ","","","","","","","26,00","","35,00","","","","","","","","","","ND"
"1979-06-09 01:00","1979","06","09","01:00"," ","-5,00","","-7,50","","83,00","","26,00","","30,00","","64,40","","101,16","","","","-13,00","","Généralement dégagé"
"1979-06-09 02:00","1979","06","09","02:00"," ","","","","","","","26,00","","30,00","","","","","","","","","","ND"
"1979-06-09 03:00","1979","06","09","03:00"," ","","","","","","","26,00","","24,00","","","","","","","","","","ND"
"1979-06-09 04:00","1979","06","09","04:00"," ","-5,70","","-8,20","","82,00","","26,00","","28,00","","64,40","","101,16","","","","-14,00","","Généralement nuageux"
"1979-06-09 05:00","1979","06","09","05:00"," ","","","","","","","26,00","","24,00","","","","","","","","","","ND"
"1979-06-09 06:00","1979","06","09","06:00"," ","","","","","","","25,00","","31,00","","","","","","","","","","ND"
"1979-06-09 07:00","1979","06","09","07:00"," ","-5,60","","-8,20","","82,00","","26,00","","30,00","","64,40","","101,10","","","","-14,00","","Généralement nuageux"
"1979-06-09 08:00","1979","06","09","08:00"," ","","","","","","","26,00","","30,00","","","","","","","","","","ND"
"1979-06-09 09:00","1979","06","09","09:00"," ","","","","","","","25,00","","28,00","","","","","","","","","","ND"
"1979-06-09 10:00","1979","06","09","10:00"," ","-5,20","","-8,20","","79,00","","25,00","","30,00","","64,40","","101,10","","","","-13,00","","Généralement dégagé"
"1979-06-09 11:00","1979","06","09","11:00"," ","-4,60","","-6,90","","84,00","","25,00","","33,00","","64,40","","101,03","","","","-13,00","","Généralement dégagé"
"1979-06-09 12:00","1979","06","09","12:00"," ","-5,00","","-7,20","","84,00","","25,00","","30,00","","64,40","","101,03","","","","-13,00","","Généralement dégagé"
"1979-06-09 13:00","1979","06","09","13:00"," ","-4,20","","-7,30","","79,00","","25,00","","26,00","","64,40","","100,99","","","","-11,00","","Généralement dégagé"
"1979-06-09 14:00","1979","06","09","14:00"," ","-4,30","","-6,90","","82,00","","26,00","","28,00","","64,40","","100,99","","","","-12,00","","Généralement nuageux"
"1979-06-09 15:00","1979","06","09","15:00"," ","-3,80","","-6,60","","81,00","","26,00","","30,00","","64,40","","100,99","","","","-11,00","","Généralement dégagé"
"1979-06-09 16:00","1979","06","09","16:00"," ","-4,20","","-6,60","","83,00","","26,00","","31,00","","64,40","","100,93","","","","-12,00","","Généralement dégagé"
"1979-06-09 17:00","1979","06","09","17:00"," ","","","","","","","25,00","","33,00","","","","","","","","","","ND"
"1979-06-09 18:00","1979","06","09","18:00"," ","","","","","","","26,00","","33,00","","","","","","","","","","ND"
"1979-06-09 19:00","1979","06","09","19:00"," ","-4,70","","-6,90","","85,00","","25,00","","35,00","","64,40","","100,79","","","","-13,00","","Généralement dégagé"
"1979-06-09 20:00","1979","06","09","20:00"," ","","","","","","","26,00","","30,00","","","","","","","","","","ND"
"1979-06-09 21:00","1979","06","09","21:00"," ","","","","","","","26,00","","30,00","","","","","","","","","","ND"
"1979-06-09 22:00","1979","06","09","22:00"," ","-5,20","","-7,20","","86,00","","25,00","","28,00","","64,40","","100,76","","","","-13,00","","Généralement dégagé"
"1979-06-09 23:00","1979","06","09","23:00"," ","","","","","","","25,00","","30,00","","","","","","","","","","ND"
"1979-06-10 00:00","1979","06","10","00:00"," ","","","","","","","25,00","","28,00","","","","","","","","","","ND"
"1979-06-10 01:00","1979","06","10","01:00"," ","-6,00","","-8,40","","83,00","","25,00","","31,00","","64,40","","100,69","","","","-14,00","","Généralement dégagé"
"1979-06-10 02:00","1979","06","10","02:00"," ","","","","","","","25,00","","37,00","","","","","","","","","","ND"
"1979-06-10 03:00","1979","06","10","03:00"," ","","","","","","","25,00","","30,00","","","","","","","","","","ND"
"1979-06-10 04:00","1979","06","10","04:00"," ","-6,30","","-9,70","","76,00","","25,00","","31,00","","64,40","","100,59","","","","-15,00","","Généralement dégagé"
"1979-06-10 05:00","1979","06","10","05:00"," ","","","","","","","25,00","","26,00","","","","","","","","","","ND"
"1979-06-10 06:00","1979","06","10","06:00"," ","","","","","","","25,00","","31,00","","","","","","","","","","ND"
"1979-06-10 07:00","1979","06","10","07:00"," ","-6,60","","-9,40","","81,00","","25,00","","31,00","","64,40","","100,55","","","","-15,00","","Généralement dégagé"
"1979-06-10 08:00","1979","06","10","08:00"," ","","","","","","","25,00","","31,00","","","","","","","","","","ND"
"1979-06-10 09:00","1979","06","10","09:00"," ","","","","","","","25,00","","35,00","","","","","","","","","","ND"
"1979-06-10 10:00","1979","06","10","10:00"," ","-6,20","","-8,80","","82,00","","25,00","","33,00","","64,40","","100,49","","","","-15,00","","Généralement dégagé"
"1979-06-10 11:00","1979","06","10","11:00"," ","-5,90","","-8,80","","80,00","","25,00","","33,00","","64,40","","100,49","","","","-15,00","","Généralement dégagé"
"1979-06-10 12:00","1979","06","10","12:00"," ","-5,60","","-8,90","","78,00","","25,00","","33,00","","64,40","","100,49","","","","-14,00","","Généralement dégagé"
"1979-06-10 13:00","1979","06","10","13:00"," ","-5,40","","-8,20","","80,00","","25,00","","37,00","","64,40","","100,45","","","","-14,00","","Généralement dégagé"
"1979-06-10 14:00","1979","06","10","14:00"," ","-5,10","","-7,20","","85,00","","25,00","","35,00","","64,40","","100,45","","","","-14,00","","Généralement dégagé"
"1979-06-10 15:00","1979","06","10","15:00"," ","-5,10","","-7,50","","83,00","","25,00","","39,00","","64,40","","100,45","","","","-14,00","","Généralement nuageux"
"1979-06-10 16:00","1979","06","10","16:00"," ","-5,40","","-8,20","","80,00","","25,00","","39,00","","64,40","","100,45","","","","-15,00","","Généralement dégagé"
"1979-06-10 17:00","1979","06","10","17:00"," ","","","","","","","25,00","","39,00","","","","","","","","","","ND"
"1979-06-10 18:00","1979","06","10","18:00"," ","","","","","","","25,00","","39,00","","","","","","","","","","ND"
"1979-06-10 19:00","1979","06","10","19:00"," ","-5,80","","-8,80","","79,00","","25,00","","35,00","","64,40","","100,49","","","","-15,00","","Généralement dégagé"
"1979-06-10 20:00","1979","06","10","20:00"," ","","","","","","","25,00","","39,00","","","","","","","","","","ND"
"1979-06-10 21:00","1979","06","10","21:00"," ","","","","","","","25,00","","37,00","","","","","","","","","","ND"
"1979-06-10 22:00","1979","06","10","22:00"," ","-6,70","","-9,00","","84,00","","25,00","","35,00","","64,40","","100,55","","","","-16,00","","Généralement dégagé"
"1979-06-10 23:00","1979","06","10","23:00"," ","","","","","","","25,00","","35,00","","","","","","","","","","ND"
"1979-06-11 00:00","1979","06","11","00:00"," ","","","","","","","25,00","","33,00","","","","","","","","","","ND"
"1979-06-11 01:00","1979","06","11","01:00"," ","-7,40","","-10,20","","80,00","","25,00","","31,00","","64,40","","100,62","","","","-16,00","","Généralement nuageux"
"1979-06-11 02:00","1979","06","11","02:00"," ","","","","","","","25,00","","26,00","","","","","","","","","","ND"
"1979-06-11 03:00","1979","06","11","03:00"," ","","","","","","","25,00","","26,00","","","","","","","","","","ND"
"1979-06-11 04:00","1979","06","11","04:00"," ","-6,70","","-9,40","","81,00","","25,00","","22,00","","64,40","","100,69","","","","-14,00","","Généralement nuageux"
"1979-06-11 05:00","1979","06","11","05:00"," ","","","","","","","26,00","","19,00","","","","","","","","","","ND"
"1979-06-11 06:00","1979","06","11","06:00"," ","","","","","","","26,00","","15,00","","","","","","","","","","ND"
"1979-06-11 07:00","1979","06","11","07:00"," ","-5,70","","-7,80","","85,00","","26,00","","15,00","","64,40","","100,69","","","","-11,00","","Généralement nuageux"
"1979-06-11 08:00","1979","06","11","08:00"," ","","","","","","","25,00","","19,00","","","","","","","","","","ND"
"1979-06-11 09:00","1979","06","11","09:00"," ","","","","","","","26,00","","17,00","","","","","","","","","","ND"
"1979-06-11 10:00","1979","06","11","10:00"," ","-4,20","","-5,40","","92,00","","25,00","","15,00","","64,40","","100,69","","","","-10,00","","Généralement nuageux"
"1979-06-11 11:00","1979","06","11","11:00"," ","-4,00","","-6,30","","84,00","","25,00","","17,00","","64,40","","100,69","","","","-10,00","","Généralement nuageux"
"1979-06-11 12:00","1979","06","11","12:00"," ","-3,10","","-6,00","","80,00","","26,00","","19,00","","64,40","","100,69","","","","-9,00","","Généralement nuageux"
"1979-06-11 13:00","1979","06","11","13:00"," ","-3,50","","-6,30","","81,00","","25,00","","17,00","","64,40","","100,69","","","","-9,00","","Généralement nuageux"
"1979-06-11 14:00","1979","06","11","14:00"," ","-2,50","","-5,10","","82,00","","25,00","","11,00","","64,40","","100,66","","","","-7,00","","Généralement nuageux"
"1979-06-11 15:00","1979","06","11","15:00"," ","-2,50","","-4,50","","86,00","","25,00","","15,00","","64,40","","100,59","","","","-7,00","","Généralement nuageux"
"1979-06-11 16:00","1979","06","11","16:00"," ","-2,00","","-5,10","","79,00","","26,00","","15,00","","64,40","","100,59","","","","-7,00","","Généralement nuageux"
"1979-06-11 17:00","1979","06","11","17:00"," ","-1,40","","-4,20","","81,00","","25,00","","15,00","","64,40","","100,59","","","","-6,00","","Généralement dégagé"
"1979-06-11 18:00","1979","06","11","18:00"," ","-2,10","","-4,50","","84,00","","25,00","","15,00","","64,40","","100,55","","","","-7,00","","Généralement dégagé"
"1979-06-11 19:00","1979","06","11","19:00"," ","-2,20","","-4,50","","84,00","","25,00","","15,00","","64,40","","100,52","","","","-7,00","","Généralement nuageux"
"1979-06-11 20:00","1979","06","11","20:00"," ","","","","","","","25,00","","15,00","","","","","","","","","","ND"
"1979-06-11 21:00","1979","06","11","21:00"," ","","","","","","","25,00","","19,00","","","","","","","","","","ND"
"1979-06-11 22:00","1979","06","11","22:00"," ","-2,40","","-4,80","","84,00","","26,00","","19,00","","64,40","","100,45","","","","-8,00","","Généralement nuageux"
"1979-06-11 23:00","1979","06","11","23:00"," ","","","","","","","33,00","","11,00","","","","","","","","","","ND"
"1979-06-12 00:00","1979","06","12","00:00"," ","","","","","","","26,00","","13,00","","","","","","","","","","ND"
"1979-06-12 01:00","1979","06","12","01:00"," ","-2,70","","-4,50","","88,00","","26,00","","15,00","","64,40","","100,35","","","","-8,00","","Généralement nuageux"
"1979-06-12 02:00","1979","06","12","02:00"," ","","","","","","","25,00","","15,00","","","","","","","","","","ND"
"1979-06-12 03:00","1979","06","12","03:00"," ","","","","","","","26,00","","19,00","","","","","","","","","","ND"
"1979-06-12 04:00","1979","06","12","04:00"," ","-3,00","","-5,10","","85,00","","26,00","","20,00","","64,40","","100,25","","","","-9,00","","Nuageux"
"1979-06-12 05:00","1979","06","12","05:00"," ","","","","","","","26,00","","22,00","","","","","","","","","","ND"
"1979-06-12 06:00","1979","06","12","06:00"," ","","","","","","","26,00","","20,00","","","","","","","","","","ND"
"1979-06-12 07:00","1979","06","12","07:00"," ","-3,50","","-4,20","","95,00","","26,00","","19,00","","6,40","","100,18","","","","-9,00","","Neige,Brouillard"
"1979-06-12 08:00","1979","06","12","08:00"," ","","","","","","","26,00","","19,00","","","","","","","","","","ND"
"1979-06-12 09:00","1979","06","12","09:00"," ","","","","","","","25,00","","26,00","","","","","","","","","","ND"
"1979-06-12 10:00","1979","06","12","10:00"," ","-2,50","","-3,90","","90,00","","25,00","","26,00","","9,70","","100,08","","","","-9,00","","Neige,Brouillard"
"1979-06-12 11:00","1979","06","12","11:00"," ","-2,50","","-4,20","","88,00","","25,00","","30,00","","32,20","","100,05","","","","-10,00","","Neige"
"1979-06-12 12:00","1979","06","12","12:00"," ","-2,30","","-4,80","","83,00","","25,00","","31,00","","32,20","","100,05","","","","-10,00","","Neige"
"1979-06-12 13:00","1979","06","12","13:00"," ","-2,10","","-4,80","","82,00","","25,00","","33,00","","32,20","","100,01","","","","-10,00","","Neige"
"1979-06-12 14:00","1979","06","12","14:00"," ","-1,60","","-4,20","","82,00","","25,00","","31,00","","32,20","","100,05","","","","-9,00","","Généralement nuageux"
"1979-06-12 15:00","1979","06","12","15:00"," ","-1,90","","-3,90","","86,00","","25,00","","26,00","","16,10","","100,05","","","","-8,00","","Généralement nuageux"
"1979-06-12 16:00","1979","06","12","16:00"," ","-2,20","","-3,90","","88,00","","25,00","","26,00","","16,10","","100,05","","","","-9,00","","Généralement nuageux"
"1979-06-12 17:00","1979","06","12","17:00"," ","","","","","","","25,00","","26,00","","","","","","","","","","ND"
"1979-06-12 18:00","1979","06","12","18:00"," ","","","","","","","25,00","","28,00","","","","","","","","","","ND"
"1979-06-12 19:00","1979","06","12","19:00"," ","-2,00","","-4,50","","83,00","","25,00","","26,00","","64,40","","100,15","","","","-9,00","","Généralement nuageux"
"1979-06-12 20:00","1979","06","12","20:00"," ","","","","","","","25,00","","20,00","","","","","","","","","","ND"
"1979-06-12 21:00","1979","06","12","21:00"," ","","","","","","","25,00","","26,00","","","","","","","","","","ND"
"1979-06-12 22:00","1979","06","12","22:00"," ","-2,00","","-4,20","","85,00","","25,00","","20,00","","64,40","","100,25","","","","-8,00","","Nuageux"
"1979-06-12 23:00","1979","06","12","23:00"," ","","","","","","","25,00","","22,00","","","","","","","","","","ND"
"1979-06-13 00:00","1979","06","13","00:00"," ","","","","","","","25,00","","19,00","","","","","","","","","","ND"
"1979-06-13 01:00","1979","06","13","01:00"," ","-3,00","","-4,80","","87,00","","25,00","","22,00","","64,40","","100,32","","","","-9,00","","Nuageux"
"1979-06-13 02:00","1979","06","13","02:00"," ","","","","","","","26,00","","19,00","","","","","","","","","","ND"
"1979-06-13 03:00","1979","06","13","03:00"," ","","","","","","","26,00","","17,00","","","","","","","","","","ND"
"1979-06-13 04:00","1979","06","13","04:00"," ","-3,00","","-4,80","","87,00","","26,00","","17,00","","64,40","","100,42","","","","-9,00","","Généralement nuageux"
"1979-06-13 05:00","1979","06","13","05:00"," ","","","","","","","26,00","","20,00","","","","","","","","","","ND"
"1979-06-13 06:00","1979","06","13","06:00"," ","","","","","","","25,00","","22,00","","","","","","","","","","ND"
"1979-06-13 07:00","1979","06","13","07:00"," ","-3,30","","-6,70","","77,00","","26,00","","19,00","","64,40","","100,45","","","","-9,00","","Généralement nuageux"
"1979-06-13 08:00","1979","06","13","08:00"," ","","","","","","","26,00","","15,00","","","","","","","","","","ND"
"1979-06-13 09:00","1979","06","13","09:00"," ","","","","","","","26,00","","11,00","","","","","","","","","","ND"
"1979-06-13 10:00","1979","06","13","10:00"," ","-2,50","","-5,70","","78,00","","25,00","","9,00","","64,40","","100,45","","","","-6,00","","Généralement nuageux"
"1979-06-13 11:00","1979","06","13","11:00"," ","-2,30","","-6,40","","73,00","","25,00","","9,00","","64,40","","100,45","","","","-6,00","","Généralement nuageux"
"1979-06-13 12:00","1979","06","13","12:00"," ","-1,50","","-4,80","","78,00","","25,00","","7,00","","64,40","","100,49","","","","-4,00","","Généralement nuageux"
"1979-06-13 13:00","1979","06","13","13:00"," ","-1,40","","-4,80","","78,00","","25,00","","11,00","","64,40","","100,45","","","","-5,00","","Généralement nuageux"
"1979-06-13 14:00","1979","06","13","14:00"," ","-0,80","","-3,60","","81,00","","25,00","","11,00","","64,40","","100,45","","","","-5,00","","Généralement nuageux"
"1979-06-13 15:00","1979","06","13","15:00"," ","-1,50","","-5,10","","76,00","","25,00","","13,00","","64,40","","100,45","","","","-6,00","","Généralement nuageux"
"1979-06-13 16:00","1979","06","13","16:00"," ","-0,80","","-4,40","","76,00","","26,00","","13,00","","64,40","","100,42","","","","-5,00","","Généralement dégagé"
"1979-06-13 17:00","1979","06","13","17:00"," ","","","","","","","26,00","","11,00","","","","","","","","","","ND"
"1979-06-13 18:00","1979","06","13","18:00"," ","","","","","","","26,00","","11,00","","","","","","","","","","ND"
"1979-06-13 19:00","1979","06","13","19:00"," ","-1,80","","-4,80","","80,00","","25,00","","13,00","","64,40","","100,38","","","","-6,00","","Généralement nuageux"
"1979-06-13 20:00","1979","06","13","20:00"," ","","","","","","","26,00","","15,00","","","","","","","","","","ND"
"1979-06-13 21:00","1979","06","13","21:00"," ","","","","","","","26,00","","13,00","","","","","","","","","","ND"
"1979-06-13 22:00","1979","06","13","22:00"," ","-2,90","","-5,70","","81,00","","25,00","","15,00","","64,40","","100,28","","","","-8,00","","Généralement nuageux"
"1979-06-13 23:00","1979","06","13","23:00"," ","","","","","","","26,00","","15,00","","","","","","","","","","ND"
"1979-06-14 00:00","1979","06","14","00:00"," ","","","","","","","26,00","","11,00","","","","","","","","","","ND"
"1979-06-14 01:00","1979","06","14","01:00"," ","-2,60","","-4,50","","87,00","","23,00","","6,00","","64,40","","100,15","","","","-5,00","","Nuageux"
"1979-06-14 02:00","1979","06","14","02:00"," ","","","","","","","16,00","","6,00","","","","","","","","","","ND"
"1979-06-14 03:00","1979","06","14","03:00"," ","","","","","","","12,00","","19,00","","","","","","","","","","ND"
"1979-06-14 04:00","1979","06","14","04:00"," ","-0,70","","-2,40","","88,00","","14,00","","15,00","","64,40","","99,94","","","","-5,00","","Nuageux"
"1979-06-14 05:00","1979","06","14","05:00"," ","","","","","","","11,00","","19,00","","","","","","","","","","ND"
"1979-06-14 06:00","1979","06","14","06:00"," ","","","","","","","16,00","","26,00","","","","","","","","","","ND"
"1979-06-14 07:00","1979","06","14","07:00"," ","-0,50","","-4,10","","76,00","","16,00","","26,00","","64,40","","99,71","","","","-7,00","","Nuageux"
"1979-06-14 08:00","1979","06","14","08:00"," ","","","","","","","17,00","","30,00","","","","","","","","","","ND"
"1979-06-14 09:00","1979","06","14","09:00"," ","","","","","","","16,00","","31,00","","","","","","","","","","ND"
"1979-06-14 10:00","1979","06","14","10:00"," ","0,20","","-4,10","","73,00","","18,00","","35,00","","64,40","","99,47","","","","","","Nuageux"
"1979-06-14 11:00","1979","06","14","11:00"," ","0,40","","-3,20","","77,00","","17,00","","35,00","","32,20","","99,40","","","","","","Nuageux"
"1979-06-14 12:00","1979","06","14","12:00"," ","0,80","","-3,00","","76,00","","16,00","","30,00","","64,40","","99,34","","","","","","Nuageux"
"1979-06-14 13:00","1979","06","14","13:00"," ","1,40","","-1,00","","84,00","","16,00","","31,00","","32,20","","99,23","","","","","","Généralement nuageux"
"1979-06-14 14:00","1979","06","14","14:00"," ","1,90","","-1,50","","78,00","","16,00","","28,00","","14,50","","99,13","","","","","","Neige"
"1979-06-14 15:00","1979","06","14","15:00"," ","1,20","","-1,90","","80,00","","18,00","","26,00","","9,70","","99,13","","","","","","Neige"
"1979-06-14 16:00","1979","06","14","16:00"," ","0,80","","-1,00","","88,00","","17,00","","33,00","","32,20","","99,06","","","","","","Neige"
"1979-06-14 17:00","1979","06","14","17:00"," ","","","","","","","17,00","","35,00","","","","","","","","","","ND"
"1979-06-14 18:00","1979","06","14","18:00"," ","","","","","","","17,00","","33,00","","","","","","","","","","ND"
"1979-06-14 19:00","1979","06","14","19:00"," ","0,50","","-1,40","","87,00","","15,00","","35,00","","24,10","","98,96","","","","","","Nuageux"
"1979-06-14 20:00","1979","06","14","20:00"," ","","","","","","","15,00","","33,00","","","","","","","","","","ND"
"1979-06-14 21:00","1979","06","14","21:00"," ","","","","","","","16,00","","33,00","","","","","","","","","","ND"
"1979-06-14 22:00","1979","06","14","22:00"," ","-1,10","","-2,10","","93,00","","15,00","","31,00","","16,10","","98,86","","","","-8,00","","Neige"
"1979-06-14 23:00","1979","06","14","23:00"," ","","","","","","","15,00","","37,00","","","","","","","","","","ND"
"1979-06-15 00:00","1979","06","15","00:00"," ","","","","","","","16,00","","33,00","","","","","","","","","","ND"
"1979-06-15 01:00","1979","06","15","01:00"," ","-2,00","","-2,80","","94,00","","17,00","","33,00","","6,40","","98,76","","","","-9,00","","Neige,Brouillard"
"1979-06-15 02:00","1979","06","15","02:00"," ","","","","","","","17,00","","33,00","","","","","","","","","","ND"
"1979-06-15 03:00","1979","06","15","03:00"," ","","","","","","","16,00","","30,00","","","","","","","","","","ND"
"1979-06-15 04:00","1979","06","15","04:00"," ","-2,90","","-4,20","","90,00","","17,00","","31,00","","0,80","","98,79","","","","-10,00","","Neige,Brouillard"
"1979-06-15 05:00","1979","06","15","05:00"," ","","","","","","","15,00","","20,00","","","","","","","","","","ND"
"1979-06-15 06:00","1979","06","15","06:00"," ","","","","","","","17,00","","22,00","","","","","","","","","","ND"
"1979-06-15 07:00","1979","06","15","07:00"," ","-2,30","","-3,70","","90,00","","17,00","","22,00","","0,80","","98,83","","","","-8,00","","Neige,Brouillard"
"1979-06-15 08:00","1979","06","15","08:00"," ","","","","","","","17,00","","28,00","","","","","","","","","","ND"
"1979-06-15 09:00","1979","06","15","09:00"," ","","","","","","","18,00","","26,00","","","","","","","","","","ND"
"1979-06-15 10:00","1979","06","15","10:00"," ","-2,20","","-3,30","","92,00","","18,00","","28,00","","0,80","","98,90","","","","-9,00","","Neige,Brouillard"
"1979-06-15 11:00","1979","06","15","11:00"," ","-2,10","","-3,60","","89,00","","18,00","","26,00","","2,40","","98,93","","","","-9,00","","Neige,Brouillard"
"1979-06-15 12:00","1979","06","15","12:00"," ","-1,90","","-3,90","","86,00","","18,00","","26,00","","6,40","","98,96","","","","-8,00","","Neige,Brouillard"
"1979-06-15 13:00","1979","06","15","13:00"," ","-1,60","","-3,30","","88,00","","17,00","","22,00","","6,40","","99,00","","","","-8,00","","Neige,Brouillard"
"1979-06-15 14:00","1979","06","15","14:00"," ","-2,60","","-3,70","","92,00","","18,00","","9,00","","4,80","","99,06","","","","-6,00","","Neige,Brouillard"
"1979-06-15 15:00","1979","06","15","15:00"," ","-2,60","","-3,40","","94,00","","17,00","","28,00","","3,20","","99,10","","","","-10,00","","Neige,Brouillard"
"1979-06-15 16:00","1979","06","15","16:00"," ","-2,00","","-3,60","","89,00","","17,00","","24,00","","6,40","","99,10","","","","-8,00","","Neige,Brouillard"
"1979-06-15 17:00","1979","06","15","17:00"," ","","","","","","","17,00","","28,00","","","","","","","","","","ND"
"1979-06-15 18:00","1979","06","15","18:00"," ","","","","","","","16,00","","22,00","","","","","","","","","","ND"
"1979-06-15 19:00","1979","06","15","19:00"," ","-2,00","","-3,60","","89,00","","14,00","","19,00","","8,00","","99,27","","","","-8,00","","Neige,Brouillard"
"1979-06-15 20:00","1979","06","15","20:00"," ","","","","","","","15,00","","24,00","","","","","","","","","","ND"
"1979-06-15 21:00","1979","06","15","21:00"," ","","","","","","","16,00","","20,00","","","","","","","","","","ND"
"1979-06-15 22:00","1979","06","15","22:00"," ","-2,20","","-3,10","","94,00","","15,00","","17,00","","16,10","","99,37","","","","-8,00","","Nuageux"
"1979-06-15 23:00","1979","06","15","23:00"," ","","","","","","","14,00","","17,00","","","","","","","","","","ND"
"1979-06-16 00:00","1979","06","16","00:00"," ","","","","","","","13,00","","20,00","","","","","","","","","","ND"
"1979-06-16 01:00","1979","06","16","01:00"," ","-2,50","","-4,20","","88,00","","17,00","","19,00","","24,10","","99,44","","","","-8,00","","Neige"
"1979-06-16 02:00","1979","06","16","02:00"," ","","","","","","","17,00","","19,00","","","","","","","","","","ND"
"1979-06-16 03:00","1979","06","16","03:00"," ","","","","","","","14,00","","19,00","","","","","","","","","","ND"
"1979-06-16 04:00","1979","06","16","04:00"," ","-2,40","","-3,90","","89,00","","13,00","","19,00","","6,40","","99,57","","","","-8,00","","Neige,Brouillard"
"1979-06-16 05:00","1979","06","16","05:00"," ","","","","","","","14,00","","20,00","","","","","","","","","","ND"
"1979-06-16 06:00","1979","06","16","06:00"," ","","","","","","","14,00","","19,00","","","","","","","","","","ND"
"1979-06-16 07:00","1979","06","16","07:00"," ","-1,80","","-2,80","","93,00","","14,00","","19,00","","9,70","","99,74","","","","-7,00","","Neige en grains"
"1979-06-16 08:00","1979","06","16","08:00"," ","","","","","","","14,00","","19,00","","","","","","","","","","ND"
"1979-06-16 09:00","1979","06","16","09:00"," ","","","","","","","14,00","","19,00","","","","","","","","","","ND"
"1979-06-16 10:00","1979","06","16","10:00"," ","-1,00","","-1,40","","97,00","","14,00","","19,00","","4,00","","99,88","","","","-6,00","","Neige,Brouillard"
"1979-06-16 11:00","1979","06","16","11:00"," ","-0,30","","-1,60","","91,00","","14,00","","19,00","","9,70","","99,91","","","","-5,00","","Neige"
"1979-06-16 12:00","1979","06","16","12:00"," ","-0,70","","-1,60","","94,00","","16,00","","15,00","","9,70","","99,94","","","","-5,00","","Neige"
"1979-06-16 13:00","1979","06","16","13:00"," ","-0,80","","-1,60","","94,00","","15,00","","11,00","","4,00","","100,01","","","","-5,00","","Neige,Brouillard"
"1979-06-16 14:00","1979","06","16","14:00"," ","-0,30","","-1,30","","93,00","","19,00","","11,00","","6,40","","100,05","","","","-4,00","","Neige,Brouillard"
"1979-06-16 15:00","1979","06","16","15:00"," ","0,10","","-1,70","","87,00","","9,00","","4,00","","3,20","","100,11","","","","","","Neige,Brouillard"
"1979-06-16 16:00","1979","06","16","16:00"," ","0,00","","-0,50","","96,00","","4,00","","11,00","","4,00","","100,11","","","","-4,00","","Neige,Brouillard"
"1979-06-16 17:00","1979","06","16","17:00"," ","","","","","","","2,00","","6,00","","","","","","","","","","ND"
"1979-06-16 18:00","1979","06","16","18:00"," ","","","","","","","16,00","","7,00","","","","","","","","","","ND"
"1979-06-16 19:00","1979","06","16","19:00"," ","0,70","","0,00","","95,00","","3,00","","7,00","","24,10","","100,25","","","","","","Généralement nuageux"
"1979-06-16 20:00","1979","06","16","20:00"," ","","","","","","","14,00","","7,00","","","","","","","","","","ND"
"1979-06-16 21:00","1979","06","16","21:00"," ","","","","","","","17,00","","4,00","","","","","","","","","","ND"
"1979-06-16 22:00","1979","06","16","22:00"," ","2,10","","-2,10","","74,00","","23,00","","4,00","","24,10","","100,35","","","","","","Nuageux"
"1979-06-16 23:00","1979","06","16","23:00"," ","","","","","","","31,00","","6,00","","","","","","","","","","ND"
"1979-06-17 00:00","1979","06","17","00:00"," ","","","","","","","9,00","","4,00","","","","","","","","","","ND"
"1979-06-17 01:00","1979","06","17","01:00"," ","1,50","","-1,00","","83,00","","35,00","","7,00","","24,10","","100,52","","","","","","Neige"
"1979-06-17 02:00","1979","06","17","02:00"," ","","","","","","","3,00","","4,00","","","","","","","","","","ND"
"1979-06-17 03:00","1979","06","17","03:00"," ","","","","","","","32,00","","4,00","","","","","","","","","","ND"
"1979-06-17 04:00","1979","06","17","04:00"," ","0,70","","-1,40","","86,00","","29,00","","4,00","","64,40","","100,59","","","","","","Généralement nuageux"
"1979-06-17 05:00","1979","06","17","05:00"," ","","","","","","","26,00","","11,00","","","","","","","","","","ND"
"1979-06-17 06:00","1979","06","17","06:00"," ","","","","","","","26,00","","11,00","","","","","","","","","","ND"
"1979-06-17 07:00","1979","06","17","07:00"," ","-0,90","","-2,70","","87,00","","35,00","","13,00","","64,40","","100,72","","","","-5,00","","Généralement nuageux"
"1979-06-17 08:00","1979","06","17","08:00"," ","","","","","","","26,00","","17,00","","","","","","","","","","ND"
"1979-06-17 09:00","1979","06","17","09:00"," ","","","","","","","22,00","","19,00","","","","","","","","","","ND"
"1979-06-17 10:00","1979","06","17","10:00"," ","-1,00","","-2,40","","90,00","","33,00","","13,00","","64,40","","100,79","","","","-5,00","","Généralement nuageux"
"1979-06-17 11:00","1979","06","17","11:00"," ","-0,20","","-1,20","","93,00","","35,00","","19,00","","64,40","","100,82","","","","-5,00","","Généralement nuageux"
"1979-06-17 12:00","1979","06","17","12:00"," ","0,20","","-1,80","","86,00","","36,00","","20,00","","64,40","","100,82","","","","","","Généralement nuageux"
"1979-06-17 13:00","1979","06","17","13:00"," ","1,00","","-1,50","","83,00","","36,00","","20,00","","64,40","","100,83","","","","","","Généralement nuageux"
"1979-06-17 14:00","1979","06","17","14:00"," ","1,00","","-1,50","","83,00","","36,00","","19,00","","64,40","","100,86","","","","","","Généralement nuageux"
"1979-06-17 15:00","1979","06","17","15:00"," ","1,00","","-1,50","","83,00","","33,00","","11,00","","64,40","","100,86","","","","","","Généralement nuageux"
"1979-06-17 16:00","1979","06","17","16:00"," ","2,20","","-1,50","","76,00","","36,00","","15,00","","64,40","","100,89","","","","","","Généralement dégagé"
"1979-06-17 17:00","1979","06","17","17:00"," ","","","","","","","33,00","","15,00","","","","","","","","","","ND"
"1979-06-17 18:00","1979","06","17","18:00"," ","","","","","","","32,00","","17,00","","","","","","","","","","ND"
"1979-06-17 19:00","1979","06","17","19:00"," ","1,00","","-1,90","","81,00","","33,00","","19,00","","64,40","","100,93","","","","","","Généralement dégagé"
"1979-06-17 20:00","1979","06","17","20:00"," ","","","","","","","33,00","","19,00","","","","","","","","","","ND"
"1979-06-17 21:00","1979","06","17","21:00"," ","","","","","","","27,00","","13,00","","","","","","","","","","ND"
"1979-06-17 22:00","1979","06","17","22:00"," ","0,40","","-2,90","","79,00","","33,00","","19,00","","64,40","","100,99","","","","","","Généralement dégagé"
"1979-06-17 23:00","1979","06","17","23:00"," ","","","","","","","33,00","","19,00","","","","","","","","","","ND"
"1979-06-18 00:00","1979","06","18","00:00"," ","","","","","","","33,00","","19,00","","","","","","","","","","ND"
"1979-06-18 01:00","1979","06","18","01:00"," ","-0,10","","-3,90","","76,00","","34,00","","17,00","","64,40","","101,03","","","","-5,00","","Généralement nuageux"
"1979-06-18 02:00","1979","06","18","02:00"," ","","","","","","","34,00","","22,00","","","","","","","","","","ND"
"1979-06-18 03:00","1979","06","18","03:00"," ","","","","","","","33,00","","15,00","","","","","","","","","","ND"
"1979-06-18 04:00","1979","06","18","04:00"," ","-0,80","","-4,40","","76,00","","32,00","","15,00","","64,40","","101,10","","","","-5,00","","Généralement nuageux"
"1979-06-18 05:00","1979","06","18","05:00"," ","","","","","","","30,00","","15,00","","","","","","","","","","ND"
"1979-06-18 06:00","1979","06","18","06:00"," ","","","","","","","31,00","","15,00","","","","","","","","","","ND"
"1979-06-18 07:00","1979","06","18","07:00"," ","-0,90","","-2,40","","90,00","","33,00","","15,00","","64,40","","101,13","","","","-6,00","","Généralement nuageux"
"1979-06-18 08:00","1979","06","18","08:00"," ","","","","","","","30,00","","15,00","","","","","","","","","","ND"
"1979-06-18 09:00","1979","06","18","09:00"," ","","","","","","","26,00","","20,00","","","","","","","","","","ND"
"1979-06-18 10:00","1979","06","18","10:00"," ","0,30","","-1,40","","89,00","","31,00","","19,00","","64,40","","101,16","","","","","","Généralement nuageux"
"1979-06-18 11:00","1979","06","18","11:00"," ","0,00","","-2,90","","81,00","","31,00","","15,00","","64,40","","101,16","","","","-4,00","","Généralement nuageux"
"1979-06-18 12:00","1979","06","18","12:00"," ","0,00","","-2,90","","81,00","","33,00","","17,00","","64,40","","101,16","","","","-5,00","","Généralement nuageux"
"1979-06-18 13:00","1979","06","18","13:00"," ","0,40","","-2,10","","83,00","","25,00","","22,00","","64,40","","101,20","","","","","","Généralement nuageux"
"1979-06-18 14:00","1979","06","18","14:00"," ","0,50","","-2,00","","83,00","","30,00","","15,00","","64,40","","101,20","","","","","","Généralement nuageux"
"1979-06-18 15:00","1979","06","18","15:00"," ","0,00","","-2,60","","83,00","","25,00","","19,00","","64,40","","101,20","","","","-5,00","","Généralement nuageux"
"1979-06-18 16:00","1979","06","18","16:00"," ","0,40","","-2,60","","80,00","","26,00","","19,00","","64,40","","101,20","","","","","","Nuageux"
"1979-06-18 17:00","1979","06","18","17:00"," ","","","","","","","26,00","","19,00","","","","","","","","","","ND"
"1979-06-18 18:00","1979","06","18","18:00"," ","","","","","","","26,00","","19,00","","","","","","","","","","ND"
"1979-06-18 19:00","1979","06","18","19:00"," ","0,20","","-2,90","","80,00","","26,00","","22,00","","64,40","","101,23","","","","","","Généralement nuageux"
"1979-06-18 20:00","1979","06","18","20:00"," ","","","","","","","27,00","","19,00","","","","","","","","","","ND"
"1979-06-18 21:00","1979","06","18","21:00"," ","","","","","","","26,00","","19,00","","","","","","","","","","ND"
"1979-06-18 22:00","1979","06","18","22:00"," ","-0,20","","-3,70","","77,00","","28,00","","15,00","","64,40","","101,26","","","","-5,00","","Généralement nuageux"
"1979-06-18 23:00","1979","06","18","23:00"," ","","","","","","","26,00","","13,00","","","","","","","","","","ND"
"1979-06-19 00:00","1979","06","19","00:00"," ","","","","","","","25,00","","20,00","","","","","","","","","","ND"
"1979-06-19 01:00","1979","06","19","01:00"," ","-1,00","","-3,60","","82,00","","25,00","","19,00","","64,40","","101,26","","","","-6,00","","Généralement nuageux"
"1979-06-19 02:00","1979","06","19","02:00"," ","","","","","","","26,00","","15,00","","","","","","","","","","ND"
"1979-06-19 03:00","1979","06","19","03:00"," ","","","","","","","26,00","","13,00","","","","","","","","","","ND"
"1979-06-19 04:00","1979","06","19","04:00"," ","-1,00","","-4,70","","76,00","","25,00","","19,00","","64,40","","101,26","","","","-6,00","","Nuageux"
"1979-06-19 05:00","1979","06","19","05:00"," ","","","","","","","25,00","","19,00","","","","","","","","","","ND"
"1979-06-19 06:00","1979","06","19","06:00"," ","","","","","","","25,00","","20,00","","","","","","","","","","ND"
"1979-06-19 07:00","1979","06","19","07:00"," ","-0,80","","-4,40","","76,00","","25,00","","20,00","","64,40","","101,26","","","","-6,00","","Généralement nuageux"
"1979-06-19 08:00","1979","06","19","08:00"," ","","","","","","","25,00","","22,00","","","","","","","","","","ND"
"1979-06-19 09:00","1979","06","19","09:00"," ","","","","","","","25,00","","24,00","","","","","","","","","","ND"
"1979-06-19 10:00","1979","06","19","10:00"," ","-0,70","","-4,40","","76,00","","25,00","","22,00","","64,40","","101,26","","","","-6,00","","Généralement nuageux"
"1979-06-19 11:00","1979","06","19","11:00"," ","-0,70","","-4,70","","74,00","","25,00","","26,00","","64,40","","101,26","","","","-7,00","","Généralement nuageux"
"1979-06-19 12:00","1979","06","19","12:00"," ","-0,30","","-2,70","","83,00","","25,00","","26,00","","64,40","","101,26","","","","-6,00","","Généralement nuageux"
"1979-06-19 13:00","1979","06","19","13:00"," ","-0,10","","-3,90","","76,00","","25,00","","24,00","","64,40","","101,26","","","","-6,00","","Nuageux"
"1979-06-19 14:00","1979","06","19","14:00"," ","-0,30","","-3,50","","79,00","","25,00","","24,00","","64,40","","101,26","","","","-6,00","","Généralement nuageux"
"1979-06-19 15:00","1979","06","19","15:00"," ","-0,40","","-3,70","","78,00","","25,00","","26,00","","64,40","","101,26","","","","-7,00","","Généralement nuageux"
"1979-06-19 16:00","1979","06","19","16:00"," ","-0,20","","-3,70","","77,00","","25,00","","26,00","","64,40","","101,26","","","","-6,00","","Nuageux"
"1979-06-19 17:00","1979","06","19","17:00"," ","","","","","","","25,00","","26,00","","","","","","","","","","ND"
"1979-06-19 18:00","1979","06","19","18:00"," ","","","","","","","25,00","","24,00","","","","","","","","","","ND"
"1979-06-19 19:00","1979","06","19","19:00"," ","-0,40","","-3,40","","80,00","","26,00","","22,00","","64,40","","101,26","","","","-6,00","","Généralement nuageux"
"1979-06-19 20:00","1979","06","19","20:00"," ","","","","","","","26,00","","22,00","","","","","","","","","","ND"
"1979-06-19 21:00","1979","06","19","21:00"," ","","","","","","","26,00","","22,00","","","","","","","","","","ND"
"1979-06-19 22:00","1979","06","19","22:00"," ","-0,80","","-4,10","","78,00","","26,00","","19,00","","64,40","","101,30","","","","-6,00","","Généralement nuageux"
"1979-06-19 23:00","1979","06","19","23:00"," ","","","","","","","25,00","","20,00","","","","","","","","","","ND"
"1979-06-20 00:00","1979","06","20","00:00"," ","","","","","","","31,00","","11,00","","","","","","","","","","ND"
"1979-06-20 01:00","1979","06","20","01:00"," ","-1,70","","-3,30","","89,00","","25,00","","15,00","","64,40","","101,33","","","","-7,00","","Généralement nuageux"
"1979-06-20 02:00","1979","06","20","02:00"," ","","","","","","","25,00","","17,00","","","","","","","","","","ND"
"1979-06-20 03:00","1979","06","20","03:00"," ","","","","","","","25,00","","15,00","","","","","","","","","","ND"
"1979-06-20 04:00","1979","06","20","04:00"," ","-1,50","","-4,50","","80,00","","24,00","","13,00","","64,40","","101,37","","","","-6,00","","Généralement nuageux"
"1979-06-20 05:00","1979","06","20","05:00"," ","","","","","","","25,00","","19,00","","","","","","","","","","ND"
"1979-06-20 06:00","1979","06","20","06:00"," ","","","","","","","25,00","","17,00","","","","","","","","","","ND"
"1979-06-20 07:00","1979","06","20","07:00"," ","-2,00","","-4,20","","85,00","","25,00","","15,00","","64,40","","101,37","","","","-7,00","","Généralement nuageux"
"1979-06-20 08:00","1979","06","20","08:00"," ","","","","","","","25,00","","15,00","","","","","","","","","","ND"
"1979-06-20 09:00","1979","06","20","09:00"," ","","","","","","","25,00","","24,00","","","","","","","","","","ND"
"1979-06-20 10:00","1979","06","20","10:00"," ","-0,80","","-3,80","","80,00","","25,00","","28,00","","64,40","","101,37","","","","-7,00","","Généralement nuageux"
"1979-06-20 11:00","1979","06","20","11:00"," ","-0,20","","-3,70","","77,00","","25,00","","28,00","","64,40","","101,33","","","","-7,00","","Généralement nuageux"
"1979-06-20 12:00","1979","06","20","12:00"," ","0,00","","-3,70","","76,00","","25,00","","30,00","","64,40","","101,33","","","","-6,00","","Généralement dégagé"
"1979-06-20 13:00","1979","06","20","13:00"," ","0,40","","-3,20","","77,00","","25,00","","28,00","","64,40","","101,33","","","","","","Généralement dégagé"
"1979-06-20 14:00","1979","06","20","14:00"," ","0,20","","-2,90","","80,00","","25,00","","30,00","","64,40","","101,33","","","","","","Généralement dégagé"
"1979-06-20 15:00","1979","06","20","15:00"," ","0,50","","-3,10","","77,00","","25,00","","30,00","","64,40","","101,33","","","","","","Dégagé"
"1979-06-20 16:00","1979","06","20","16:00"," ","0,50","","-2,50","","80,00","","25,00","","30,00","","64,40","","101,33","","","","","","Dégagé"
"1979-06-20 17:00","1979","06","20","17:00"," ","","","","","","","25,00","","30,00","","","","","","","","","","ND"
"1979-06-20 18:00","1979","06","20","18:00"," ","","","","","","","25,00","","30,00","","","","","","","","","","ND"
"1979-06-20 19:00","1979","06","20","19:00"," ","1,00","","-3,00","","75,00","","25,00","","28,00","","64,40","","101,33","","","","","","Dégagé"
"1979-06-20 20:00","1979","06","20","20:00"," ","","","","","","","25,00","","24,00","","","","","","","","","","ND"
"1979-06-20 21:00","1979","06","20","21:00"," ","","","","","","","25,00","","26,00","","","","","","","","","","ND"
"1979-06-20 22:00","1979","06","20","22:00"," ","1,00","","-3,00","","75,00","","25,00","","26,00","","64,40","","101,37","","","","","","Généralement dégagé"
"1979-06-20 23:00","1979","06","20","23:00"," ","","","","","","","25,00","","20,00","","","","","","","","","","ND"
"1979-06-21 00:00","1979","06","21","00:00"," ","","","","","","","25,00","","15,00","","","","","","","","","","ND"
"1979-06-21 01:00","1979","06","21","01:00"," ","0,20","","-2,90","","80,00","","25,00","","19,00","","64,40","","101,37","","","","","","Dégagé"
"1979-06-21 02:00","1979","06","21","02:00"," ","","","","","","","25,00","","17,00","","","","","","","","","","ND"
"1979-06-21 03:00","1979","06","21","03:00"," ","","","","","","","25,00","","20,00","","","","","","","","","","ND"
"1979-06-21 04:00","1979","06","21","04:00"," ","0,20","","-2,90","","80,00","","25,00","","26,00","","64,40","","101,37","","","","","","Dégagé"
"1979-06-21 05:00","1979","06","21","05:00"," ","","","","","","","25,00","","22,00","","","","","","","","","","ND"
"1979-06-21 06:00","1979","06","21","06:00"," ","","","","","","","25,00","","19,00","","","","","","","","","","ND"
"1979-06-21 07:00","1979","06","21","07:00"," ","0,30","","-3,10","","78,00","","25,00","","22,00","","64,40","","101,37","","","","","","Dégagé"
"1979-06-21 08:00","1979","06","21","08:00"," ","","","","","","","25,00","","24,00","","","","","","","","","","ND"
"1979-06-21 09:00","1979","06","21","09:00"," ","","","","","","","25,00","","28,00","","","","","","","","","","ND"
"1979-06-21 10:00","1979","06","21","10:00"," ","0,30","","-3,10","","78,00","","25,00","","30,00","","64,40","","101,37","","","","","","Dégagé"
"1979-06-21 11:00","1979","06","21","11:00"," ","1,00","","-3,00","","75,00","","25,00","","30,00","","64,40","","101,37","","","","","","Dégagé"
"1979-06-21 12:00","1979","06","21","12:00"," ","0,50","","-2,50","","80,00","","25,00","","31,00","","64,40","","101,37","","","","","","Dégagé"
"1979-06-21 13:00","1979","06","21","13:00"," ","0,40","","-2,90","","79,00","","25,00","","31,00","","64,40","","101,37","","","","","","Dégagé"
"1979-06-21 14:00","1979","06","21","14:00"," ","1,20","","-2,40","","77,00","","28,00","","28,00","","64,40","","101,37","","","","","","Dégagé"
"1979-06-21 15:00","1979","06","21","15:00"," ","1,70","","-2,40","","74,00","","28,00","","22,00","","64,40","","101,37","","","","","","Dégagé"
"1979-06-21 16:00","1979","06","21","16:00"," ","1,80","","-2,60","","73,00","","28,00","","17,00","","64,40","","101,37","","","","","","Dégagé"
"1979-06-21 17:00","1979","06","21","17:00"," ","","","","","","","28,00","","22,00","","","","","","","","","","ND"
"1979-06-21 18:00","1979","06","21","18:00"," ","","","","","","","27,00","","28,00","","","","","","","","","","ND"
"1979-06-21 19:00","1979","06","21","19:00"," ","2,30","","-2,60","","70,00","","27,00","","35,00","","64,40","","101,43","","","","","","Dégagé"
"1979-06-21 20:00","1979","06","21","20:00"," ","","","","","","","27,00","","33,00","","","","","","","","","","ND"
"1979-06-21 21:00","1979","06","21","21:00"," ","","","","","","","28,00","","30,00","","","","","","","","","","ND"
"1979-06-21 22:00","1979","06","21","22:00"," ","1,80","","-2,60","","73,00","","29,00","","26,00","","64,40","","101,43","","","","","","Dégagé"
"1979-06-21 23:00","1979","06","21","23:00"," ","","","","","","","30,00","","26,00","","","","","","","","","","ND"
"1979-06-22 00:00","1979","06","22","00:00"," ","","","","","","","31,00","","26,00","","","","","","","","","","ND"
"1979-06-22 01:00","1979","06","22","01:00"," ","0,50","","-3,10","","77,00","","31,00","","28,00","","64,40","","101,47","","","","","","Dégagé"
"1979-06-22 02:00","1979","06","22","02:00"," ","","","","","","","30,00","","24,00","","","","","","","","","","ND"
"1979-06-22 03:00","1979","06","22","03:00"," ","","","","","","","30,00","","22,00","","","","","","","","","","ND"
"1979-06-22 04:00","1979","06","22","04:00"," ","0,40","","-4,10","","72,00","","29,00","","20,00","","64,40","","101,57","","","","","","Dégagé"
"1979-06-22 05:00","1979","06","22","05:00"," ","","","","","","","","","","","","","","","","","","",""
"1979-06-22 06:00","1979","06","22","06:00"," ","","","","","","","","","","","","","","","","","","",""
"1979-06-22 07:00","1979","06","22","07:00"," ","0,10","","-3,90","","74,00","","28,00","","20,00","","64,40","","101,60","","","","","","Dégagé"
"1979-06-22 08:00","1979","06","22","08:00"," ","","","","","","","","","","","","","","","","","","",""
"1979-06-22 09:00","1979","06","22","09:00"," ","","","","","","","","","","","","","","","","","","",""
"1979-06-22 10:00","1979","06","22","10:00"," ","-0,30","","-3,50","","79,00","","29,00","","19,00","","64,40","","101,64","","","","-5,00","","Généralement dégagé"
"1979-06-22 11:00","1979","06","22","11:00"," ","0,00","","-2,90","","81,00","","28,00","","22,00","","64,40","","101,60","","","","-6,00","","Généralement dégagé"
"1979-06-22 12:00","1979","06","22","12:00"," ","1,00","","-2,40","","78,00","","29,00","","15,00","","64,40","","101,60","","","","","","Généralement dégagé"
"1979-06-22 13:00","1979","06","22","13:00"," ","1,00","","-2,40","","78,00","","29,00","","20,00","","64,40","","101,60","","","","","","Généralement dégagé"
"1979-06-22 14:00","1979","06","22","14:00"," ","0,20","","-2,60","","81,00","","29,00","","24,00","","64,40","","101,64","","","","","","Généralement dégagé"
"1979-06-22 15:00","1979","06","22","15:00"," ","0,80","","-2,40","","79,00","","29,00","","22,00","","64,40","","101,60","","","","","","Généralement dégagé"
"1979-06-22 16:00","1979","06","22","16:00"," ","0,20","","-2,90","","80,00","","30,00","","22,00","","64,40","","101,57","","","","","","Généralement dégagé"
"1979-06-22 17:00","1979","06","22","17:00"," ","","","","","","","","","","","","","","","","","","",""
"1979-06-22 18:00","1979","06","22","18:00"," ","","","","","","","","","","","","","","","","","","",""
"1979-06-22 19:00","1979","06","22","19:00"," ","0,30","","-2,80","","80,00","","29,00","","22,00","","64,40","","101,60","","","","","","Généralement dégagé"
"1979-06-22 20:00","1979","06","22","20:00"," ","","","","","","","","","","","","","","","","","","",""
"1979-06-22 21:00","1979","06","22","21:00"," ","","","","","","","","","","","","","","","","","","",""
"1979-06-22 22:00","1979","06","22","22:00"," ","0,30","","-3,10","","78,00","","30,00","","17,00","","64,40","","101,57","","","","","","Généralement dégagé"
"1979-06-22 23:00","1979","06","22","23:00"," ","","","","","","","","","","","","","","","","","","",""
"1979-06-23 00:00","1979","06","23","00:00"," ","","","","","","","","","","","","","","","","","","",""
"1979-06-23 01:00","1979","06","23","01:00"," ","-1,30","","-4,50","","79,00","","29,00","","15,00","","64,40","","101,57","","","","-6,00","","Généralement dégagé"
"1979-06-23 02:00","1979","06","23","02:00"," ","","","","","","","","","","","","","","","","","","",""
"1979-06-23 03:00","1979","06","23","03:00"," ","","","","","","","","","","","","","","","","","","",""
"1979-06-23 04:00","1979","06","23","04:00"," ","-0,90","","-4,40","","77,00","","28,00","","26,00","","64,40","","101,54","","","","-7,00","","Dégagé"
"1979-06-23 05:00","1979","06","23","05:00"," ","","","","","","","","","","","","","","","","","","",""
"1979-06-23 06:00","1979","06","23","06:00"," ","","","","","","","","","","","","","","","","","","",""
"1979-06-23 07:00","1979","06","23","07:00"," ","-0,50","","-3,20","","82,00","","30,00","","20,00","","64,40","","101,47","","","","-6,00","","Dégagé"
"1979-06-23 08:00","1979","06","23","08:00"," ","","","","","","","","","","","","","","","","","","",""
"1979-06-23 09:00","1979","06","23","09:00"," ","","","","","","","","","","","","","","","","","","",""
"1979-06-23 10:00","1979","06","23","10:00"," ","-0,10","","-4,50","","72,00","","28,00","","28,00","","64,40","","101,40","","","","-6,00","","Généralement dégagé"
"1979-06-23 11:00","1979","06","23","11:00"," ","-0,30","","-3,40","","79,00","","28,00","","28,00","","64,40","","101,33","","","","-7,00","","Généralement dégagé"
"1979-06-23 12:00","1979","06","23","12:00"," ","0,00","","-3,20","","79,00","","29,00","","26,00","","64,40","","101,33","","","","-6,00","","Généralement dégagé"
"1979-06-23 13:00","1979","06","23","13:00"," ","1,00","","-2,40","","78,00","","29,00","","26,00","","64,40","","101,26","","","","","","Généralement dégagé"
"1979-06-23 14:00","1979","06","23","14:00"," ","1,20","","-2,40","","77,00","","29,00","","26,00","","64,40","","101,23","","","","","","Généralement dégagé"
"1979-06-23 15:00","1979","06","23","15:00"," ","2,40","","-1,50","","75,00","","29,00","","20,00","","64,40","","101,20","","","","","","Généralement nuageux"
"1979-06-23 16:00","1979","06","23","16:00"," ","2,50","","-2,00","","72,00","","28,00","","20,00","","64,40","","101,16","","","","","","Généralement nuageux"
"1979-06-23 17:00","1979","06","23","17:00"," ","","","","","","","","","","","","","","","","","","",""
"1979-06-23 18:00","1979","06","23","18:00"," ","","","","","","","","","","","","","","","","","","",""
"1979-06-23 19:00","1979","06","23","19:00"," ","3,00","","-2,00","","70,00","","28,00","","22,00","","64,40","","101,03","","","","","","Généralement dégagé"
"1979-06-23 20:00","1979","06","23","20:00"," ","","","","","","","","","","","","","","","","","","",""
"1979-06-23 21:00","1979","06","23","21:00"," ","","","","","","","","","","","","","","","","","","",""
"1979-06-23 22:00","1979","06","23","22:00"," ","2,40","","-2,60","","69,00","","30,00","","28,00","","64,40","","100,89","","","","","","Dégagé"
"1979-06-23 23:00","1979","06","23","23:00"," ","","","","","","","","","","","","","","","","","","",""
"1979-06-24 00:00","1979","06","24","00:00"," ","","","","","","","","","","","","","","","","","","",""
"1979-06-24 01:00","1979","06","24","01:00"," ","1,60","","-2,90","","72,00","","30,00","","17,00","","64,40","","100,76","","","","","","Dégagé"
"1979-06-24 02:00","1979","06","24","02:00"," ","","","","","","","","","","","","","","","","","","",""
"1979-06-24 03:00","1979","06","24","03:00"," ","","","","","","","","","","","","","","","","","","",""
"1979-06-24 04:00","1979","06","24","04:00"," ","1,40","","-1,00","","84,00","","30,00","","13,00","","64,40","","100,66","","","","","","Dégagé"
"1979-06-24 05:00","1979","06","24","05:00"," ","","","","","","","","","","","","","","","","","","",""
"1979-06-24 06:00","1979","06","24","06:00"," ","","","","","","","","","","","","","","","","","","",""
"1979-06-24 07:00","1979","06","24","07:00"," ","7,50","","-2,70","","48,00","","7,00","","22,00","","64,40","","100,52","","","","","","Généralement dégagé"
"1979-06-24 08:00","1979","06","24","08:00"," ","","","","","","","","","","","","","","","","","","",""
"1979-06-24 09:00","1979","06","24","09:00"," ","","","","","","","","","","","","","","","","","","",""
"1979-06-24 10:00","1979","06","24","10:00"," ","9,00","","-3,00","","43,00","","2,00","","24,00","","64,40","","100,32","","","","","","Généralement dégagé"
"1979-06-24 11:00","1979","06","24","11:00"," ","9,20","","-4,40","","38,00","","35,00","","24,00","","64,40","","100,28","","","","","","Généralement dégagé"
"1979-06-24 12:00","1979","06","24","12:00"," ","4,50","","-3,10","","58,00","","29,00","","24,00","","64,40","","100,25","","","","","","Généralement dégagé"
"1979-06-24 13:00","1979","06","24","13:00"," ","5,00","","-1,80","","61,00","","2,00","","24,00","","64,40","","100,22","","","","","","Généralement dégagé"
"1979-06-24 14:00","1979","06","24","14:00"," ","3,50","","-1,40","","70,00","","29,00","","19,00","","64,40","","100,22","","","","","","Généralement dégagé"
"1979-06-24 15:00","1979","06","24","15:00"," ","2,80","","-2,00","","71,00","","31,00","","19,00","","64,40","","100,22","","","","","","Généralement dégagé"
"1979-06-24 16:00","1979","06","24","16:00"," ","2,80","","-1,50","","73,00","","30,00","","20,00","","64,40","","100,18","","","","","","Généralement dégagé"
"1979-06-24 17:00","1979","06","24","17:00"," ","2,80","","-2,00","","71,00","","29,00","","19,00","","64,40","","100,15","","","","","","Généralement dégagé"
"1979-06-24 18:00","1979","06","24","18:00"," ","3,00","","-2,00","","70,00","","30,00","","19,00","","64,40","","100,15","","","","","","Généralement nuageux"
"1979-06-24 19:00","1979","06","24","19:00"," ","2,60","","-2,60","","68,00","","29,00","","20,00","","64,40","","100,15","","","","","","Généralement nuageux"
"1979-06-24 20:00","1979","06","24","20:00"," ","","","","","","","","","","","","","","","","","","",""
"1979-06-24 21:00","1979","06","24","21:00"," ","","","","","","","","","","","","","","","","","","",""
"1979-06-24 22:00","1979","06","24","22:00"," ","2,40","","-2,60","","69,00","","30,00","","20,00","","64,40","","100,11","","","","","","Généralement dégagé"
"1979-06-24 23:00","1979","06","24","23:00"," ","","","","","","","","","","","","","","","","","","",""
"1979-06-25 00:00","1979","06","25","00:00"," ","","","","","","","","","","","","","","","","","","",""
"1979-06-25 01:00","1979","06","25","01:00"," ","0,00","","-2,60","","83,00","","29,00","","17,00","","64,40","","100,11","","","","-5,00","","Généralement dégagé"
"1979-06-25 02:00","1979","06","25","02:00"," ","","","","","","","","","","","","","","","","","","",""
"1979-06-25 03:00","1979","06","25","03:00"," ","","","","","","","","","","","","","","","","","","",""
"1979-06-25 04:00","1979","06","25","04:00"," ","-0,10","","-2,70","","82,00","","30,00","","19,00","","64,40","","100,11","","","","-5,00","","Dégagé"
"1979-06-25 05:00","1979","06","25","05:00"," ","","","","","","","","","","","","","","","","","","",""
"1979-06-25 06:00","1979","06","25","06:00"," ","","","","","","","","","","","","","","","","","","",""
"1979-06-25 07:00","1979","06","25","07:00"," ","0,50","","-2,50","","80,00","","30,00","","13,00","","64,40","","100,11","","","","","","Généralement dégagé"
"1979-06-25 08:00","1979","06","25","08:00"," ","","","","","","","","","","","","","","","","","","",""
"1979-06-25 09:00","1979","06","25","09:00"," ","","","","","","","","","","","","","","","","","","",""
"1979-06-25 10:00","1979","06","25","10:00"," ","1,50","","-2,10","","77,00","","30,00","","9,00","","64,40","","100,11","","","","","","Généralement dégagé"
"1979-06-25 11:00","1979","06","25","11:00"," ","2,00","","-2,10","","74,00","","29,00","","15,00","","64,40","","100,11","","","","","","Généralement dégagé"
"1979-06-25 12:00","1979","06","25","12:00"," ","1,80","","-1,50","","79,00","","30,00","","11,00","","64,40","","100,11","","","","","","Généralement dégagé"
"1979-06-25 13:00","1979","06","25","13:00"," ","1,80","","-1,50","","79,00","","31,00","","11,00","","64,40","","100,15","","","","","","Généralement dégagé"
"1979-06-25 14:00","1979","06","25","14:00"," ","2,00","","-2,10","","74,00","","29,00","","11,00","","64,40","","100,15","","","","","","Généralement dégagé"
"1979-06-25 15:00","1979","06","25","15:00"," ","1,50","","-1,00","","83,00","","29,00","","9,00","","64,40","","100,15","","","","","","Généralement dégagé"
"1979-06-25 16:00","1979","06","25","16:00"," ","2,20","","-1,50","","76,00","","30,00","","11,00","","64,40","","100,15","","","","","","Généralement dégagé"
"1979-06-25 17:00","1979","06","25","17:00"," ","","","","","","","","","","","","","","","","","","",""
"1979-06-25 18:00","1979","06","25","18:00"," ","","","","","","","","","","","","","","","","","","",""
"1979-06-25 19:00","1979","06","25","19:00"," ","1,50","","-1,50","","80,00","","29,00","","11,00","","64,40","","100,25","","","","","","Généralement dégagé"
"1979-06-25 20:00","1979","06","25","20:00"," ","","","","","","","","","","","","","","","","","","",""
"1979-06-25 21:00","1979","06","25","21:00"," ","","","","","","","","","","","","","","","","","","",""
"1979-06-25 22:00","1979","06","25","22:00"," ","2,10","","-2,10","","74,00","","30,00","","15,00","","64,40","","100,32","","","","","","Généralement dégagé"
"1979-06-25 23:00","1979","06","25","23:00"," ","","","","","","","","","","","","","","","","","","",""
"1979-06-26 00:00","1979","06","26","00:00"," ","","","","","","","","","","","","","","","","","","",""
"1979-06-26 01:00","1979","06","26","01:00"," ","0,60","","-2,50","","80,00","","30,00","","13,00","","64,40","","100,35","","","","","","Généralement nuageux"
"1979-06-26 02:00","1979","06","26","02:00"," ","","","","","","","","","","","","","","","","","","",""
"1979-06-26 03:00","1979","06","26","03:00"," ","","","","","","","","","","","","","","","","","","",""
"1979-06-26 04:00","1979","06","26","04:00"," ","0,70","","-3,10","","75,00","","30,00","","15,00","","64,40","","100,42","","","","","","Généralement nuageux"
"1979-06-26 05:00","1979","06","26","05:00"," ","","","","","","","","","","","","","","","","","","",""
"1979-06-26 06:00","1979","06","26","06:00"," ","","","","","","","","","","","","","","","","","","",""
"1979-06-26 07:00","1979","06","26","07:00"," ","0,70","","-2,50","","79,00","","30,00","","19,00","","64,40","","100,42","","","","","","Généralement nuageux"
"1979-06-26 08:00","1979","06","26","08:00"," ","","","","","","","","","","","","","","","","","","",""
"1979-06-26 09:00","1979","06","26","09:00"," ","","","","","","","","","","","","","","","","","","",""
"1979-06-26 10:00","1979","06","26","10:00"," ","1,50","","-1,50","","80,00","","30,00","","19,00","","64,40","","100,45","","","","","","Nuageux"
"1979-06-26 11:00","1979","06","26","11:00"," ","1,00","","-1,90","","81,00","","30,00","","15,00","","64,40","","100,42","","","","","","Généralement nuageux"
"1979-06-26 12:00","1979","06","26","12:00"," ","1,50","","-2,10","","77,00","","29,00","","13,00","","64,40","","100,45","","","","","","Généralement nuageux"
"1979-06-26 13:00","1979","06","26","13:00"," ","1,20","","-2,40","","77,00","","30,00","","20,00","","64,40","","100,45","","","","","","Généralement nuageux"
"1979-06-26 14:00","1979","06","26","14:00"," ","2,10","","-2,60","","71,00","","28,00","","19,00","","64,40","","100,45","","","","","","Généralement nuageux"
"1979-06-26 15:00","1979","06","26","15:00"," ","1,70","","-2,10","","76,00","","27,00","","19,00","","64,40","","100,45","","","","","","Généralement nuageux"
"1979-06-26 16:00","1979","06","26","16:00"," ","1,70","","-2,10","","76,00","","26,00","","26,00","","64,40","","100,42","","","","","","Généralement nuageux"
"1979-06-26 17:00","1979","06","26","17:00"," ","","","","","","","27,00","","31,00","","","","","","","","","","ND"
"1979-06-26 18:00","1979","06","26","18:00"," ","","","","","","","27,00","","30,00","","","","","","","","","","ND"
"1979-06-26 19:00","1979","06","26","19:00"," ","1,90","","-1,50","","78,00","","27,00","","24,00","","64,40","","100,45","","","","","","Généralement nuageux"
"1979-06-26 20:00","1979","06","26","20:00"," ","","","","","","","26,00","","24,00","","","","","","","","","","ND"
"1979-06-26 21:00","1979","06","26","21:00"," ","","","","","","","27,00","","30,00","","","","","","","","","","ND"
"1979-06-26 22:00","1979","06","26","22:00"," ","1,00","","-1,90","","81,00","","27,00","","31,00","","64,40","","100,45","","","","","","Généralement nuageux"
"1979-06-26 23:00","1979","06","26","23:00"," ","","","","","","","30,00","","28,00","","","","","","","","","","ND"
"1979-06-27 00:00","1979","06","27","00:00"," ","","","","","","","27,00","","28,00","","","","","","","","","","ND"
"1979-06-27 01:00","1979","06","27","01:00"," ","0,00","","-2,90","","81,00","","28,00","","30,00","","64,40","","100,49","","","","-6,00","","Généralement nuageux"
"1979-06-27 02:00","1979","06","27","02:00"," ","","","","","","","27,00","","26,00","","","","","","","","","","ND"
"1979-06-27 03:00","1979","06","27","03:00"," ","","","","","","","27,00","","30,00","","","","","","","","","","ND"
"1979-06-27 04:00","1979","06","27","04:00"," ","-1,40","","-3,30","","87,00","","27,00","","30,00","","64,40","","100,49","","","","-8,00","","Généralement nuageux"
"1979-06-27 05:00","1979","06","27","05:00"," ","","","","","","","","","","","","","","","","","","",""
"1979-06-27 06:00","1979","06","27","06:00"," ","","","","","","","","","","","","","","","","","","",""
"1979-06-27 07:00","1979","06","27","07:00"," ","-0,30","","-3,00","","82,00","","27,00","","28,00","","64,40","","100,45","","","","-7,00","","Généralement dégagé"
"1979-06-27 08:00","1979","06","27","08:00"," ","","","","","","","27,00","","28,00","","","","","","","","","","ND"
"1979-06-27 09:00","1979","06","27","09:00"," ","","","","","","","27,00","","31,00","","","","","","","","","","ND"
"1979-06-27 10:00","1979","06","27","10:00"," ","0,20","","-2,90","","80,00","","27,00","","35,00","","64,40","","100,38","","","","","","Généralement dégagé"
"1979-06-27 11:00","1979","06","27","11:00"," ","0,70","","-3,10","","75,00","","27,00","","33,00","","64,40","","100,45","","","","","","Généralement dégagé"
"1979-06-27 12:00","1979","06","27","12:00"," ","0,70","","-3,10","","75,00","","27,00","","30,00","","64,40","","100,45","","","","","","Généralement dégagé"
"1979-06-27 13:00","1979","06","27","13:00"," ","1,20","","-2,40","","77,00","","27,00","","28,00","","64,40","","100,45","","","","","","Généralement nuageux"
"1979-06-27 14:00","1979","06","27","14:00"," ","1,00","","-2,40","","78,00","","27,00","","26,00","","64,40","","100,42","","","","","","Généralement nuageux"
"1979-06-27 15:00","1979","06","27","15:00"," ","1,20","","-2,40","","77,00","","27,00","","30,00","","64,40","","100,45","","","","","","Généralement nuageux"
"1979-06-27 16:00","1979","06","27","16:00"," ","1,20","","-3,00","","73,00","","27,00","","28,00","","64,40","","100,42","","","","","","Généralement dégagé"
"1979-06-27 17:00","1979","06","27","17:00"," ","","","","","","","","","","","","","","","","","","",""
"1979-06-27 18:00","1979","06","27","18:00"," ","","","","","","","","","","","","","","","","","","",""
"1979-06-27 19:00","1979","06","27","19:00"," ","0,80","","-1,90","","82,00","","27,00","","30,00","","64,40","","100,45","","","","","","Généralement nuageux"
"1979-06-27 20:00","1979","06","27","20:00"," ","","","","","","","","","","","","","","","","","","",""
"1979-06-27 21:00","1979","06","27","21:00"," ","","","","","","","","","","","","","","","","","","",""
"1979-06-27 22:00","1979","06","27","22:00"," ","1,20","","-2,40","","77,00","","27,00","","11,00","","64,40","","100,55","","","","","","Généralement nuageux"
"1979-06-27 23:00","1979","06","27","23:00"," ","","","","","","","","","","","","","","","","","","",""
"1979-06-28 00:00","1979","06","28","00:00"," ","","","","","","","","","","","","","","","","","","",""
"1979-06-28 01:00","1979","06","28","01:00"," ","0,20","","-2,30","","83,00","","27,00","","7,00","","64,40","","100,59","","","","","","Généralement nuageux"
"1979-06-28 02:00","1979","06","28","02:00"," ","","","","","","","","","","","","","","","","","","",""
"1979-06-28 03:00","1979","06","28","03:00"," ","","","","","","","","","","","","","","","","","","",""
"1979-06-28 04:00","1979","06","28","04:00"," ","0,20","","-2,30","","83,00","","16,00","","7,00","","64,40","","100,66","","","","","","Généralement nuageux"
"1979-06-28 05:00","1979","06","28","05:00"," ","","","","","","","","","","","","","","","","","","",""
"1979-06-28 06:00","1979","06","28","06:00"," ","","","","","","","","","","","","","","","","","","",""
"1979-06-28 07:00","1979","06","28","07:00"," ","3,00","","-1,50","","72,00","","18,00","","19,00","","64,40","","100,69","","","","","","Généralement nuageux"
"1979-06-28 08:00","1979","06","28","08:00"," ","","","","","","","","","","","","","","","","","","",""
"1979-06-28 09:00","1979","06","28","09:00"," ","","","","","","","","","","","","","","","","","","",""
"1979-06-28 10:00","1979","06","28","10:00"," ","3,50","","-1,40","","70,00","","17,00","","24,00","","64,40","","100,72","","","","","","Généralement nuageux"
"1979-06-28 11:00","1979","06","28","11:00"," ","3,80","","-1,90","","66,00","","17,00","","19,00","","64,40","","100,72","","","","","","Généralement nuageux"
"1979-06-28 12:00","1979","06","28","12:00"," ","4,00","","-0,80","","71,00","","17,00","","30,00","","64,40","","100,72","","","","","","Généralement nuageux"
"1979-06-28 13:00","1979","06","28","13:00"," ","3,70","","-2,00","","66,00","","18,00","","30,00","","64,40","","100,76","","","","","","Généralement nuageux"
"1979-06-28 14:00","1979","06","28","14:00"," ","3,50","","-2,00","","67,00","","19,00","","24,00","","64,40","","100,76","","","","","","Généralement nuageux"
"1979-06-28 15:00","1979","06","28","15:00"," ","4,00","","-3,20","","59,00","","18,00","","30,00","","64,40","","100,76","","","","","","Généralement nuageux"
"1979-06-28 16:00","1979","06","28","16:00"," ","4,60","","-2,50","","60,00","","17,00","","24,00","","64,40","","100,76","","","","","","Généralement nuageux"
"1979-06-28 17:00","1979","06","28","17:00"," ","","","","","","","","","","","","","","","","","","",""
"1979-06-28 18:00","1979","06","28","18:00"," ","","","","","","","","","","","","","","","","","","",""
"1979-06-28 19:00","1979","06","28","19:00"," ","3,50","","-2,00","","67,00","","17,00","","31,00","","64,40","","100,86","","","","","","Généralement nuageux"
"1979-06-28 20:00","1979","06","28","20:00"," ","","","","","","","","","","","","","","","","","","",""
"1979-06-28 21:00","1979","06","28","21:00"," ","","","","","","","","","","","","","","","","","","",""
"1979-06-28 22:00","1979","06","28","22:00"," ","1,50","","0,00","","90,00","","16,00","","19,00","","64,40","","100,86","","","","","","Généralement nuageux"
"1979-06-28 23:00","1979","06","28","23:00"," ","","","","","","","","","","","","","","","","","","",""
"1979-06-29 00:00","1979","06","29","00:00"," ","","","","","","","","","","","","","","","","","","",""
"1979-06-29 01:00","1979","06","29","01:00"," ","2,00","","-2,10","","74,00","","18,00","","31,00","","64,40","","100,89","","","","","","Généralement nuageux"
"1979-06-29 02:00","1979","06","29","02:00"," ","","","","","","","","","","","","","","","","","","",""
"1979-06-29 03:00","1979","06","29","03:00"," ","","","","","","","","","","","","","","","","","","",""
"1979-06-29 04:00","1979","06","29","04:00"," ","1,70","","-2,10","","76,00","","17,00","","20,00","","64,40","","100,93","","","","","","Généralement nuageux"
"1979-06-29 05:00","1979","06","29","05:00"," ","","","","","","","","","","","","","","","","","","",""
"1979-06-29 06:00","1979","06","29","06:00"," ","","","","","","","","","","","","","","","","","","",""
"1979-06-29 07:00","1979","06","29","07:00"," ","3,00","","-1,50","","72,00","","17,00","","33,00","","64,40","","100,86","","","","","","Généralement dégagé"
"1979-06-29 08:00","1979","06","29","08:00"," ","","","","","","","","","","","","","","","","","","",""
"1979-06-29 09:00","1979","06","29","09:00"," ","","","","","","","","","","","","","","","","","","",""
"1979-06-29 10:00","1979","06","29","10:00"," ","3,20","","-2,00","","69,00","","18,00","","28,00","","64,40","","100,82","","","","","","Généralement nuageux"
"1979-06-29 11:00","1979","06","29","11:00"," ","3,50","","-2,00","","67,00","","17,00","","28,00","","64,40","","100,82","","","","","","Généralement nuageux"
"1979-06-29 12:00","1979","06","29","12:00"," ","3,50","","-1,40","","70,00","","18,00","","33,00","","64,40","","100,79","","","","","","Généralement nuageux"
"1979-06-29 13:00","1979","06","29","13:00"," ","3,90","","-3,20","","60,00","","16,00","","24,00","","64,40","","100,79","","","","","","Généralement dégagé"
"1979-06-29 14:00","1979","06","29","14:00"," ","4,00","","-3,80","","57,00","","17,00","","33,00","","64,40","","100,82","","","","","","Généralement nuageux"
"1979-06-29 15:00","1979","06","29","15:00"," ","4,00","","-2,50","","62,00","","17,00","","33,00","","64,40","","100,79","","","","","","Généralement dégagé"
"1979-06-29 16:00","1979","06","29","16:00"," ","4,00","","-2,50","","62,00","","15,00","","24,00","","64,40","","100,79","","","","","","Généralement dégagé"
"1979-06-29 17:00","1979","06","29","17:00"," ","","","","","","","","","","","","","","","","","","",""
"1979-06-29 18:00","1979","06","29","18:00"," ","","","","","","","","","","","","","","","","","","",""
"1979-06-29 19:00","1979","06","29","19:00"," ","4,20","","-1,90","","64,00","","16,00","","24,00","","64,40","","100,69","","","","","","Généralement nuageux"
"1979-06-29 20:00","1979","06","29","20:00"," ","","","","","","","","","","","","","","","","","","",""
"1979-06-29 21:00","1979","06","29","21:00"," ","","","","","","","","","","","","","","","","","","",""
"1979-06-29 22:00","1979","06","29","22:00"," ","3,30","","-1,40","","71,00","","18,00","","31,00","","64,40","","100,62","","","","","","Généralement nuageux"
"1979-06-29 23:00","1979","06","29","23:00"," ","","","","","","","","","","","","","","","","","","",""
"1979-06-30 00:00","1979","06","30","00:00"," ","","","","","","","","","","","","","","","","","","",""
"1979-06-30 01:00","1979","06","30","01:00"," ","2,00","","-2,10","","74,00","","18,00","","37,00","","64,40","","100,55","","","","","","Généralement nuageux"
"1979-06-30 02:00","1979","06","30","02:00"," ","","","","","","","","","","","","","","","","","","",""
"1979-06-30 03:00","1979","06","30","03:00"," ","","","","","","","","","","","","","","","","","","",""
"1979-06-30 04:00","1979","06","30","04:00"," ","2,80","","-2,00","","71,00","","14,00","","28,00","","64,40","","100,59","","","","","","Généralement nuageux"
"1979-06-30 05:00","1979","06","30","05:00"," ","","","","","","","","","","","","","","","","","","",""
"1979-06-30 06:00","1979","06","30","06:00"," ","","","","","","","","","","","","","","","","","","",""
"1979-06-30 07:00","1979","06","30","07:00"," ","1,90","","-1,00","","81,00","","17,00","","33,00","","64,40","","100,59","","","","","","Nuageux"
"1979-06-30 08:00","1979","06","30","08:00"," ","","","","","","","17,00","","26,00","","","","","","","","","","ND"
"1979-06-30 09:00","1979","06","30","09:00"," ","","","","","","","17,00","","30,00","","","","","","","","","","ND"
"1979-06-30 10:00","1979","06","30","10:00"," ","3,10","","-1,50","","72,00","","17,00","","30,00","","24,10","","100,55","","","","","","Généralement nuageux"
"1979-06-30 11:00","1979","06","30","11:00"," ","3,40","","-0,90","","73,00","","17,00","","31,00","","24,10","","100,55","","","","","","Généralement nuageux"
"1979-06-30 12:00","1979","06","30","12:00"," ","3,80","","-0,30","","75,00","","14,00","","24,00","","24,10","","100,59","","","","","","Généralement nuageux"
"1979-06-30 13:00","1979","06","30","13:00"," ","2,90","","-0,90","","76,00","","18,00","","35,00","","24,10","","100,66","","","","","","Nuageux"
"1979-06-30 14:00","1979","06","30","14:00"," ","3,40","","-0,90","","73,00","","17,00","","30,00","","64,40","","100,62","","","","","","Nuageux"
"1979-06-30 15:00","1979","06","30","15:00"," ","4,20","","-1,40","","67,00","","17,00","","30,00","","64,40","","100,69","","","","","","Généralement nuageux"
"1979-06-30 16:00","1979","06","30","16:00"," ","4,70","","-0,80","","67,00","","22,00","","22,00","","64,40","","100,76","","","","","","Pluie"
"1979-06-30 17:00","1979","06","30","17:00"," ","","","","","","","","","","","","","","","","","","",""
"1979-06-30 18:00","1979","06","30","18:00"," ","","","","","","","","","","","","","","","","","","",""
"1979-06-30 19:00","1979","06","30","19:00"," ","3,50","","-0,90","","73,00","","16,00","","24,00","","64,40","","100,79","","","","","","Généralement nuageux"
"1979-06-30 20:00","1979","06","30","20:00"," ","","","","","","","16,00","","37,00","","","","","","","","","","ND"
"1979-06-30 21:00","1979","06","30","21:00"," ","","","","","","","14,00","","31,00","","","","","","","","","","ND"
"1979-06-30 22:00","1979","06","30","22:00"," ","3,00","","-1,50","","72,00","","16,00","","28,00","","64,40","","100,82","","","","","","Généralement nuageux"
"1979-06-30 23:00","1979","06","30","23:00"," ","","","","","","","16,00","","22,00","","","","","","","","","","ND"
